gene1,gene2,correlation
KRT10,KRT1,1
GCG,GIP,1
RBP4,TTR,1
CLCNKB,BSND,1
PIWIL2,TDRD1,1
SST,SSTR1,1
SOX2,LIN28A,1
CD19,CD79B,1
GAD2,SLC32A1,1
GCG,INS,1
SSTR5,SST,1
SST,PPY,1
NTSR1,NTS,1
FZD9,WNT3A,1
UTS2R,UTS2,1
RGS21,GNAT3,1
GDF5,NOG,1
DBH,DDC,1
NR0B1,NR5A1,1
GRM3,ADCY8,1
CAMK2B,GRIN2A,1
DCC,UNC5D,1
ALDH1A2,CYP26A1,1
SST,GAL,1
LGI2,ADAM23,1
CD79B,CD22,1
WIF1,WNT3A,1
GNAT3,TAS2R1,1
GCG,CALCA,1
HAO2,AGXT,1
MUC5AC,GCNT3,1
LRAT,RBP2,1
SLC17A7,SLC32A1,1
SOST,WNT3A,1
SLC2A2,HNF1A,1
FZD9,WNT8B,1
KIF19,KIF25,1
VIP,CALCA,1
MUC6,MUC17,1
HES6,ASCL1,1
ALDH1A2,CYP26B1,1
SFTPA1,SFTPA2,1
TRH,PRL,1
TDGF1,LEFTY1,1
APOA2,APOA4,1
MAEL,ASZ1,1
GCG,TRH,1
ADCY8,GPR83,1
MAEL,TDRD1,1
GCG,SST,1
MAEL,PIWIL2,1
GPC3,NDST4,1
CD19,CD22,1
VIP,SCTR,1
CD79B,BLK,1
LGI3,ADAM23,1
VIP,GIP,1
TF,CFTR,1
TRH,NTS,1
GCG,O3FAR1,1
GCG,NTS,1
SNAP25,SLC17A7,1
SOX2,TDGF1,1
MUC5AC,MUC17,1
SNAP25,SLC32A1,1
SLC17A6,SLC32A1,1
SFTPA1,SFTPD,1
CRABP1,CYP26A1,1
CALCA,SCTR,1
LRAT,CYP26A1,1
ASZ1,TDRD1,1
PKLR,PCK1,1
GAL,PPY,1
GCG,SCTR,1
GCG,GNAT3,1
APCS,TTR,1
GAD2,SNAP25,1
PCSK2,INS,1
CALCA,TSHR,1
GPC3,APOA2,1
GCG,MC4R,1
PCSK1,INS,1
NTRK1,SHC4,1
GPC3,WNT3A,1
SNAP25,INS,1
SOX2,ZIC3,1
GIP,SCTR,1
GCG,PCSK1,1
GRIN2A,GRIA1,1
NPY5R,PPY,1
NTS,UTS2,1
WNT8B,WNT3A,1
GNAT3,CNR2,1
HNF4A,TTR,1
CDH10,CDH9,1
PIWIL2,ASZ1,1
MUC21,MUC17,1
GNAT3,GRM4,1
GNAT3,ADCY8,1
GIP,CALCA,1
SSTR5,SSTR1,1
SLC18A3,SNAP25,1
PRL,INS,1
GABRB2,GABRA1,1
GCG,PPY,1
TSHR,LHCGR,1
UGT2B10,AKR1C4,1
APOA4,RBP2,1
SFTPA2,SFTPD,1
CDH7,CDH9,1
HTR3A,HTR3C,1
MUC6,MUC21,1
CRABP1,CYP26B1,1
APOA2,FABP1,1
DCC,DSCAM,1
GABRA2,GABRB2,1
SPTA1,NCAM1,1
CD19,CR2,1
MMP9,MMP13,1
RBP4,RBP2,1
ASB4,SPSB4,1
MUC5AC,MUC21,1
FGF18,FGF23,1
COL25A1,COL23A1,1
APOA4,APCS,1
NPSR1,CALCA,1
AGTR2,SST,1
PTGDR2,SST,1
SPTA1,INS,1
FGF9,FGF23,1
GRIN2A,GRIA3,1
HAO2,DAO,1
B3GNT6,GCNT3,1
SSTR1,GAL,1
NPY5R,GAL,1
SLC17A8,SLC32A1,1
APCS,INS,1
TF,INS,1
B4GALNT1,ST8SIA5,1
SLC18A3,SLC32A1,1
GIP,LHCGR,1
ENPP1,IBSP,1
VIP,LHCGR,1
GIP,PCSK1,1
CAMK2B,GRIA1,1
SSTR5,PPY,1
SST,INS,1
GCG,VIP,1
CAMK2B,GRIA3,1
GCG,GPR83,1
GABRA5,GABRB2,1
FGF19,FGF18,1
GCG,TSHR,1
TSHR,SCTR,1
AGXT,DAO,1
CNTN2,NCAM1,1
SSTR1,PPY,1
VIP,CALCB,1
MMP9,CTRB1,1
HES6,NEUROG3,1
SYP,CHGA,1
FGF9,FGF19,1
GIP,MC4R,1
AGTR2,EDN3,1
GABRQ,GABRA2,1
CRP,INS,1
PLA2G12B,CYP4F2,1
UGT2B15,AKR1C4,1
NTSR1,TRH,1
SST,MCHR2,1
GABRA2,GABRA1,1
MC4R,TSHR,1
GABRB2,GABRA4,1
UGT2A1,CYP2A13,1
LHCGR,SCTR,1
MUC6,GCNT3,1
GABRQ,GABRA1,1
GRIA1,GRIA3,1
GPC3,HS3ST3A1,1
PNLIP,MOGAT3,1
CALCA,LHCGR,1
GCG,ADCY8,1
FGF18,FGF10,1
GNAT3,PPY,1
FGF19,FGF23,1
DDC,TPO,1
GNAT3,NPY5R,1
GCG,LHCGR,1
FGF9,FGF18,1
CDH7,CDH17,1
SLC18A3,SLC17A6,1
GNAT3,MCHR2,1
RXFP2,LHCGR,1
GNAT3,SSTR5,1
GNAT3,SSTR1,1
EDN3,TRH,1
GNAT3,AGTR2,1
GNAT3,HTR1E,1
MC4R,LHCGR,1
MCHR2,UTS2,1
VIP,TSHR,1
GNAT3,SST,1
NTSR1,UTS2,1
SLC18A3,SLC17A7,1
GRM4,SST,1
AGTR2,NTS,1
MUC5AC,MUC6,1
GABRQ,GABRA4,1
UGT2A1,AKR1C4,1
UGT1A8,CYP2A13,1
GCG,NTSR1,1
GRM3,MCHR2,1
PCDH15,USH1C,1
ADRA1B,TRH,1
MMP9,PRSS1,1
VIP,MC4R,1
GRM4,NPY5R,1
UGT2B11,AKR1C4,1
BRS3,TRH,1
GIP,ISL1,1
TAS2R1,SST,1
CHRM1,CHRNA1,1
SSTR5,GAL,1
AGTR2,TRH,1
BRS3,NTS,1
MUC5AC,WBSCR17,1
CNR2,AGTR2,1
UGT2B11,CYP2A13,1
GCG,EDN3,1
GAL3ST1,NEU2,1
NPY5R,SST,1
GRM3,NPY5R,1
GRM3,SST,1
GNAT3,GRM3,1
CD19,NCAM1,1
MCHR2,NTS,1
GABRQ,GABRA5,1
UTS2R,MCHR2,1
GRM4,MCHR2,1
GRM3,SSTR1,1
EDN3,NTS,1
RXFP2,TSHR,1
FGF9,FGF10,1
GABRA2,GABRA5,1
COL23A1,COL20A1,1
CHRNA4,CHRNA9,1
GCG,CHRM1,1
EDN3,UTS2R,1
CALCA,MC4R,1
GRM4,GAL,1
CDH10,CDH17,1
UGT2B15,CYP26A1,1
FGF10,FGF23,1
UGT2B11,CYP26B1,1
UGT2B10,CYP26B1,1
CDH9,CDH17,1
EPHA5,BLK,1
UGT2B10,CYP26A1,1
UGT1A8,CYP26A1,1
UGT2B11,CYP26A1,1
UGT2B15,CYP26B1,1
UGT2A1,CYP26B1,1
UGT1A8,AKR1C4,1
UGT2B15,CYP2A13,1
PNLIP,RBP2,1
CYP2A13,UGT2B10,1
TRH,MCHR2,1
GABRA5,GABRA1,1
UGT1A8,CYP26B1,1
UGT2A1,CYP26A1,1
GCG,CALCB,1
PKLR,ADCY8,1
MC4R,ADCY8,1
MCHR2,GAL,1
CALCA,APCS,1
CNR2,GRM4,1
GCG,BRS3,1
MUC6,WBSCR17,1
MC4R,SCTR,1
PRSS1,MMP13,1
VIP,NPSR1,1
GRM4,SSTR1,1
GCNT3,MUC17,1
HCRTR2,UTS2,1
CHRNA9,CHRNA1,1
EDN3,CHRM1,1
AGTR2,GAL,1
QRFPR,HCRTR2,1
NPY5R,MCHR2,1
GRM4,SSTR5,1
NPSR1,RXFP2,1
GRM4,GRM3,1
GIP,TSHR,1
GIP,GPR83,1
GCG,ADRA1B,1
SST,ADCY8,1
MC4R,GPR83,1
CHRM1,TRH,1
BRS3,MCHR2,1
GIP,ADCY8,1
GRM3,SSTR5,1
CHRM1,NTS,1
GRM4,AGTR2,1
SPTA1,SCN1A,1
TRH,UTS2,1
UGT2B11,DIO1,1
CHRNA4,CHRNA6,1
DIO1,UGT2B10,1
HTR1E,SSTR1,1
CNR2,GAL,1
GRM3,GAL,1
MUC5AC,B3GNT6,1
NTRK1,NTRK2,1
UTS2R,CHRM1,1
CNR2,SST,1
GNAT3,GAL,1
KRT77,KRT1,1
NTSR1,MCHR2,1
UGT1A8,DIO1,1
HTR1E,SST,1
CAMK2B,CALML5,1
AGTR2,GRM3,1
APOA2,RBP2,1
ADCY8,SSTR1,1
GCG,HCRTR2,1
CHRNA4,CHRND,1
AKR1C4,RBP2,1
AMELX,AMBN,1
CLDN19,CLDN8,1
GRM4,PTGDR2,1
USH2A,USH1C,1
CNR2,GRM3,1
CHRM1,MCHR2,1
GRM4,HTR1E,1
UGT2B11,ALDH1A2,1
UGT2B15,ALDH1A2,1
UTS2R,TRH,1
UGT1A8,ALDH1A2,1
HTR1E,SSTR5,1
QRFPR,TRH,1
GRM4,ADCY8,1
NPSR1,SCTR,1
CALCB,CALCA,1
LHCGR,ADCY8,1
B3GNT6,MUC6,1
GCG,QRFPR,1
QRFPR,NPSR1,1
GRM3,HTR1E,1
TSHR,ADCY8,1
PRL,APCS,1
ADRA1B,CHRM1,1
NTSR1,EDN3,1
CHRNA4,CHRNA1,1
TSHR,GPR83,1
TAS2R1,GRM4,1
GPR83,SCTR,1
UGT2A1,ALDH1A2,1
BRS3,EDN3,1
SSTR5,ADCY8,1
UGT2B10,ALDH1A2,1
GCG,UTS2,1
AGTR2,NTSR1,1
HCRTR2,ADRA1B,1
GNAT3,CCL25,1
NPY5R,PTGDR2,1
NPSR1,TSHR,1
COL25A1,COL2A1,1
NPSR1,LHCGR,1
NPSR1,UTS2,1
AGTR2,UTS2R,1
CHRNA6,CHRNA1,1
ENTPD8,ADCY8,1
BRS3,ADRA1B,1
TF,SLC18A3,1
MC4R,RXFP2,1
NPSR1,ADCY8,1
WNT8B,SOST,1
CCL25,HTR1E,1
COL25A1,COL20A1,1
CDH7,CDH10,1
UTS2R,ADRA1B,1
PTGDR2,PPY,1
BRS3,NPSR1,1
EDN3,UTS2,1
CHRNA9,CHRNA6,1
CNR2,NPY5R,1
TDGF1,BLK,1
NPY5R,ADCY8,1
NPSR1,TRH,1
LHCGR,GPR83,1
CCL25,SSTR1,1
CCL25,MCHR2,1
TF,TTR,1
CCL25,NPY5R,1
CCL25,SSTR5,1
MCHR2,SSTR1,1
NPSR1,NTS,1
HCRTR2,TRH,1
CCL25,AGTR2,1
AGTR2,NPSR1,1
CCL25,CNR2,1
SSTR5,MCHR2,1
PLA2G2E,CYP4F2,1
TAS2R1,GRM3,1
NPY5R,SSTR1,1
HTR1E,GAL,1
GRM4,PPY,1
PTGDR2,HTR1E,1
CALCA,RXFP2,1
INS,ATP6V1B1,1
PTGDR2,GAL,1
UTS2R,NTS,1
SEMG1,APCS,1
GCG,NPSR1,1
NPSR1,ADRA1B,1
GCG,MCHR2,1
RXFP2,ADCY8,1
GNAT3,PTGDR2,1
TRIM2,NCAM1,1
NPSR1,F2RL2,1
UTS2R,F2RL2,1
BRS3,UTS2,1
QRFPR,F2RL2,1
VIP,ADCY8,1
HCRTR2,F2RL2,1
QRFPR,NTSR1,1
BAAT,GAD2,1
NPY5R,HTR1E,1
QRFPR,CHRM1,1
GABRQ,GABRB2,1
HCRTR2,NPSR1,1
PTGDR2,SSTR5,1
NPY5R,SSTR5,1
HTR1E,MCHR2,1
NPSR1,CHRM1,1
PTGDR2,SSTR1,1
CHRM1,UTS2,1
FBN3,FBN2,1
QRFPR,UTS2R,1
RXFP2,SCTR,1
ADCY8,SCTR,1
COL23A1,COL2A1,1
MUC5AC,GALNT9,1
CACNA1G,NCAM1,1
RXFP2,GPR83,1
NPSR1,UTS2R,1
BRS3,CHRM1,1
EPHA5,EPHA8,1
F2RL2,UTS2,1
CNR2,ADCY8,1
ENTPD8,PKLR,1
NPSR1,MC4R,1
QRFPR,UTS2,1
HCRTR2,EDN3,1
F2RL2,NTS,1
AGTR2,PTGDR2,1
AGTR2,SSTR1,1
CCL25,GRM3,1
TAS2R1,MCHR2,1
GCNT3,MUC21,1
PNLIPRP3,MOGAT3,1
CCL25,GAL,1
QRFPR,EDN3,1
GALNT9,MUC17,1
AGTR2,BRS3,1
CHRM1,F2RL2,1
CALCB,GPR83,1
CNR2,SSTR5,1
GCG,F2RL2,1
ADCY8,MCHR2,1
CCL25,GRM4,1
HCRTR2,NTS,1
CNR2,HTR1E,1
CALCB,ADCY8,1
TAS2R1,ADCY8,1
PRSS3,DEFA5,1
SPSB4,TRIM9,1
ADRA1B,NTS,1
TAS2R1,SSTR1,1
AGTR2,F2RL2,1
ASB4,TRIM9,1
ADRA1B,F2RL2,1
GIP,RXFP2,1
AGTR2,ADCY8,1
NPSR1,EDN3,1
EDN3,MCHR2,1
NTSR1,CHRM1,1
CNR2,PTGDR2,1
CCL25,SST,1
ADRA1B,MCHR2,1
AGTR2,HTR1E,1
HTR1E,ADCY8,1
CNR2,PPY,1
NTSR1,F2RL2,1
NPSR1,MCHR2,1
NTSR1,UTS2R,1
CALCB,TSHR,1
CCL25,PPY,1
QRFPR,ADRA1B,1
QRFPR,MCHR2,1
PTGDR2,MCHR2,1
ADRA1B,UTS2,1
F2RL2,MCHR2,1
TAS2R1,SSTR5,1
PNLIPRP3,PNLIP,1
GCG,RXFP2,1
PTGDR2,ADCY8,1
MCHR2,PPY,1
CALCA,ADCY8,1
GRM3,PTGDR2,1
HCRTR2,NTSR1,1
BRS3,F2RL2,1
CNTN2,USH1C,1
HTR1E,PPY,1
TAS2R1,PPY,1
TAS2R1,PTGDR2,1
GALNT9,MUC21,1
TAS2R1,HTR1E,1
COL2A1,COL20A1,1
CALCB,SCTR,1
HCRTR2,CHRM1,1
NTSR1,ADRA1B,1
AGTR2,NPY5R,1
CALCB,MC4R,1
BRS3,NTSR1,1
FGF10,FGFBP2,1
SLC18A3,CFTR,1
NPSR1,GIP,1
ANKRD1,FABP1,1
CCL25,PTGDR2,1
CALCB,LHCGR,1
NPSR1,GPR83,1
TAS2R1,AGTR2,1
BRS3,UTS2R,1
CALCB,RXFP2,1
NTSR1,NPSR1,1
ADCY8,PPY,1
CNR2,SSTR1,1
AGTR2,SSTR5,1
AGTR2,UTS2,1
HCRTR2,BRS3,1
AGTR2,MCHR2,1
B3GNT6,MUC17,1
NPSR1,CALCB,1
EDN3,ADRA1B,1
B3GNT6,GALNT9,1
CNR2,MCHR2,1
TRH,F2RL2,1
CALCA,GPR83,1
B3GNT6,WBSCR17,1
VIP,GPR83,1
MUC21,WBSCR17,1
TAS2R1,GAL,1
TAS2R1,NPY5R,1
EDN3,F2RL2,1
SLC18A3,SLC17A8,1
B3GNT6,MUC21,1
GPC3,APOA4,1
HCRTR2,UTS2R,1
QRFPR,NTS,1
GRM3,PPY,1
TF,ATP6V1B1,1
GIP,CALCB,1
ADCY8,GAL,1
GCG,UTS2R,1
HCRTR2,MCHR2,1
MUC6,GALNT9,1
CCL25,ADCY8,1
QRFPR,BRS3,1
AGTR2,PPY,1
CCL25,TAS2R1,1
WBSCR17,MUC17,1
VIP,RXFP2,1
TAS2R1,CNR2,1
SHC4,NTRK2,1
NOTUM,WNT3A,1
HNF4A,HNF1A,1
NKX6-1,NEUROG3,1
SLC2A2,INS,1
AFP,APOA2,1
CPLX2,SNAP25,1
CAMK2B,ADCY8,1
SPP1,IBSP,1
KRT77,KRT10,1
UGT2B11,UGT2B10,1
BMX,STAP1,1
SP7,IBSP,1
CALML5,CACNA1G,1
HAP1,GABRB2,1
PYDC1,F2RL2,1
KLK8,SPINK9,1
SOHLH1,LHX8,1
KRT2,KRT10,1
HAP1,GABRA1,1
SP7,FAM19A4,1
SLC12A3,CLCNKB,1
MT1G,MT1H,1
ATP6V1B1,ATP12A,1
MSX1,FGF8,1
PRSS3,PRSS1,1
TF,HP,1
CALML5,GRIN2A,1
CACNA1B,INS,1
INSRR,INS,1
SST,NTS,1
KCNU1,KCNMB2,1
GCG,NKX6-1,1
GAD2,INS,1
PLA2G2E,PLA2G12B,1
HTN3,HTN1,1
TCL1A,TCL1B,1
ACE2,MEP1A,1
PRSS1,CPB1,1
VIP,PRL,1
TPO,TSHR,1
HP,CRP,1
CACNA1E,INS,1
HSPA6,DNAJC5G,1
GPC3,WNT8B,1
NKX2-2,NEUROD1,1
WNT8B,WIF1,1
CALML5,ADCY8,1
GRM3,GRIN2A,1
INS,PPY,1
FABP1,FABP2,1
F2RL2,GZMA,1
NEUROD1,INS,1
GIP,INS,1
AMBN,MMP20,1
CACNA1B,CACNA1E,1
HNF4A,INS,1
CYP26A1,CYP26B1,1
FGF8,WNT3A,1
ELAVL3,LGALS4,1
PRL,CNTFR,1
VIP,SST,1
ELAVL4,LGALS4,1
KRT2,KRT1,1
AMELX,MMP20,1
TRH,SST,1
GCG,SLC2A2,1
ASCL1,PHOX2B,1
KRT77,KRT2,1
PRL,SST,1
CACNA1G,INS,1
FLG,SPINK5,1
PRSS1,F2RL2,1
PRSS3,F2RL2,1
FLG,KRT1,1
SI,LCT,1
CPLX2,NEUROD2,1
INSM1,NEUROD1,1
ANKS4B,USH1C,1
PRSS1,KRT10,1
SST,CHGA,1
MMP9,CRP,1
GABRQ,HAP1,1
IFNK,CNTFR,1
ATRNL1,MC4R,1
SLC17A8,SLC17A6,1
SLC17A8,SLC17A7,1
SLC17A6,SLC17A7,1
SYP,SNAP25,1
NOTUM,WNT8B,1
PRL,IL13RA2,1
SPP1,SP7,1
FABP7,TAGLN3,1
MUC5AC,ATOH1,1
NKX2-2,NEUROG3,1
IFNW1,CNTFR,1
HAP1,GABRA4,1
GABRA5,HAP1,1
KLRC1,EMILIN3,1
IFNW1,IL13RA2,1
GABRA2,HAP1,1
IFNK,IL13RA2,1
INS,TTR,1
TDRD1,PIWIL1,1
INS,NEUROG3,1
CD19,VPREB3,1
NTSR1,TCF23,1
GCG,PCK1,1
SCRT1,SLC6A2,1
PRSS1,KRT1,1
NKX2-2,ISL1,1
FLG,KRT10,1
REG1B,REG1A,1
ESX1,LHX3,1
PRSS3,CPB1,1
TDGF1,ZIC3,1
MMP9,INS,1
FGF8,DLX2,1
NOG,WNT3A,1
HNF1A,INS,1
KRT4,UCHL1,1
KRT2,PRSS1,1
PAX8,TSHR,1
TF,APOA2,1
SOX2,FGF8,1
AFP,GPC3,1
CELA3A,CPA1,1
CALCA,PRL,1
CLCNKB,CLDN19,1
GRIN2A,ADCY8,1
NKX6-1,ISL1,1
AQP4,SLC1A2,1
FABP3,FABP1,1
APOA2,ITIH2,1
STRA8,CYP26B1,1
NTSR1,WFIKKN2,1
KRT4,MT3,1
KRT2,KRT9,1
CHRNA1,CHRND,1
WNT8B,LCN1,1
CHRM1,SCGB1A1,1
GNAT3,HCN1,1
ATP1A2,SCN1A,1
ERVW-1,GCM1,1
STRA8,CYP26A1,1
MSX1,WNT3A,1
TCF23,NTS,1
SERPINA7,TTR,1
GAL,INS,1
KLRC1,NCAM1,1
KRT10,CMA1,1
SP7,SOST,1
LHX3,ISL1,1
SOX2,NEUROD1,1
NOTUM,LGALS4,1
HMX1,INS,1
PAX2,FGF8,1
CALCA,SST,1
CTSE,PCSK1,1
CTSE,PCSK2,1
CHRNA9,CHRND,1
CD19,SELL,1
KCNA4,KCNH2,1
GCG,PCSK2,1
SYP,SLC17A7,1
TRPM3,TRPA1,1
NKX2-2,INS,1
SLC12A3,BSND,1
INS,ISL1,1
NKX6-1,NEUROD1,1
RTL1,DLK1,1
GIP,PPY,1
PAGE1,KLK3,1
GDF5,PAEP,1
GAL,CD22,1
MUC6,ATOH1,1
PAEP,LCN1,1
PRSS1,REG1A,1
FGF9,NOG,1
OTOG,USH1C,1
TF,AFP,1
LCT,HNF1A,1
NEUROD1,ISL1,1
CD19,MS4A1,1
PHOX2A,ASCL1,1
RBP4,LCN1,1
COL2A1,MMP13,1
CHRNA6,CHRND,1
FGF8,ISL1,1
AFP,NTS,1
SYT4,SNAP25,1
ATP1A2,ATP12A,1
PCDH15,USH2A,1
MSX1,LHX2,1
POU4F1,ATOH1,1
GC,HP,1
TF,CRP,1
TRIM9,SNAP25,1
GCG,NEUROG3,1
HNF4A,WNT3A,1
SLC2A2,NKX6-1,1
PCDH15,MYO15A,1
PCSK2,SYT4,1
CR2,CD22,1
KCNA1,KCNH2,1
PAX8,FOXI1,1
NEUROG3,ISL1,1
CACNA1B,SCN1A,1
MSX1,MYOD1,1
NCAM1,SYP,1
NR0B2,INS,1
SLC2A2,NEUROG3,1
WNT3A,FGF10,1
TRH,INS,1
HTR3A,HTR1E,1
PAX8,TPO,1
KCNH6,KCNA4,1
NTRK1,NTSR1,1
PCK1,INS,1
GPR1,GPHA2,1
ENPP1,FGF23,1
AGTR2,ACE2,1
FGF8,ALDH1A2,1
TRH,MC4R,1
ABCA10,ABCG2,1
MYO15A,USH1C,1
SOX2,ATOH1,1
VIP,GAL,1
AIRE,CHRNA1,1
TPO,FOXI1,1
REG3A,REG1A,1
NEUROG1,ASCL1,1
FOXB1,UTS2R,1
SOX2,NEUROG1,1
INS,MT3,1
IRS4,INS,1
APOA2,PON1,1
NOG,NCAM1,1
GRIA1,SYP,1
SP7,MMP13,1
DCX,ASCL1,1
O3FAR1,PCSK1,1
NEUROD4,PHOX2B,1
GAGE1,SAGE1,1
FGF19,GCKR,1
WNT3A,MYOD1,1
DSG4,SERPINA4,1
GABRQ,GLRA2,1
MUC5AC,PRSS1,1
AFP,ITIH2,1
FGF8,MYOD1,1
CLCNKB,CFTR,1
CACNA1B,CACNA1G,1
ESRRB,SOX2,1
NTS,MEP1A,1
SP7,KERA,1
GIP,SST,1
MUC6,PRSS1,1
CD79B,VPREB3,1
LHX2,FGF8,1
PCDH15,ATP2B2,1
MUC5AC,PRSS3,1
ZIC3,LEFTY1,1
SPP1,MMP9,1
POU4F1,NEUROG1,1
NCAM1,UCHL1,1
SCUBE3,CPA1,1
MUC6,PRSS3,1
SLC27A6,INS,1
SP8,GSX2,1
CADPS,SERPINA4,1
MUC5AC,EMR3,1
FLG,FGF8,1
FGF10,ISL1,1
CRP,TTR,1
INSM1,NEUROG3,1
HP,TTR,1
INS,CFTR,1
GCG,PRL,1
VIP,PPY,1
NOG,SOST,1
KRT1,KRT9,1
NEUROG3,PPY,1
CALCA,CHGA,1
PPY,CHGA,1
GCG,CHGA,1
F7,CRP,1
HMX1,SLC2A2,1
NEUROG1,PHOX2B,1
PAX2,SOX2,1
CTRB1,PRSS1,1
CRP,SELL,1
QRFPR,GAL,1
SERPINA7,TRH,1
PNLIP,PRSS1,1
MC4R,CARTPT,1
ALK,FGF19,1
VIP,TRH,1
CALCA,INS,1
NPPB,CRP,1
PRSS3,REG1A,1
NR0B1,SOX2,1
SPP1,CALCA,1
OCA2,MYBPH,1
MC4R,INS,1
SCRT1,ASCL1,1
UTS2R,NEUROG3,1
GAD2,SLC17A7,1
WNT8B,FGF8,1
FGF8,FGF19,1
SLC17A6,GAD2,1
C8orf74,DNAJC5G,1
MAEL,PIWIL1,1
NEUROG1,ISL1,1
GCG,NEUROD1,1
NOG,FGF8,1
GAL,NTS,1
FGF9,GDF5,1
CTRB1,PRSS3,1
GNAT3,O3FAR1,1
KIF25,DNAH9,1
PRL,SCGB1A1,1
SMCP,ODF1,1
TRPM1,TRPA1,1
MMP9,CHI3L1,1
TSPY10,DAZ1,1
TSPY1,DAZ1,1
SST,SYP,1
CD19,BLK,1
FGF9,WNT3A,1
SLC2A2,SST,1
KLK7,SPINK5,1
TCF23,PON1,1
SOST,FGF23,1
PRL,LHCGR,1
DCSTAMP,OCSTAMP,1
SLC2A2,NEUROD1,1
HMX1,NEUROG3,1
NCAM1,SELL,1
ACE2,INS,1
SST,NEUROG3,1
LCE2B,LCE1A,1
VIP,NTS,1
SOX2,FGF10,1
STXBP5L,SNAP25,1
GCG,HMX1,1
NTS,PPY,1
TRH,GAL,1
VIP,INS,1
NR0B2,CD22,1
NTSR1,CTSE,1
ATOH1,POU4F3,1
DCX,SOX2,1
SSTR5,PCSK2,1
PAX1,NOG,1
CELA3A,CPB1,1
PAEP,INS,1
KLK7,KLK8,1
NKX6-1,PPY,1
KRT1,KRT33B,1
LCN1,CST4,1
DPPA3,LIN28A,1
DEFA5,DEFB4A,1
NOG,FGF18,1
FGF8,ATOH1,1
HTN1,CST4,1
BEST3,CFTR,1
PNLIP,CPB1,1
AIFM3,DAO,1
DEFA5,REG3A,1
HNF4A,FABP2,1
DBH,PHOX2A,1
HNF4A,RBP2,1
WNT3A,INS,1
CACNA1E,CACNA1G,1
INSM1,SLURP1,1
ASCL1,DLX2,1
HMGA2,SOX2,1
NTS,INS,1
APOA4,FABP2,1
PRSS1,CTRB2,1
MSX1,FGF9,1
CALN1,CACNA1E,1
CALML5,CACNA1E,1
GC,TF,1
NEURL,DLL3,1
SEMG1,KLK3,1
CACNA1E,SPATA21,1
MYLPF,MYH7B,1
IRS4,ASB4,1
MMP9,HSPB3,1
INS,APOBEC1,1
NOG,DLX2,1
SERPINA10,CMA1,1
POU4F1,ISL1,1
GABRA2,GLRA2,1
GABRA4,GLRA2,1
CCL25,FBN3,1
HNF4A,CDH17,1
NTRK1,NTS,1
CTRB1,CELA3A,1
BEST3,GABRB2,1
TAS2R1,CDH9,1
GABRA5,GLRA2,1
CTRB1,CPA1,1
MUC5AC,TFF3,1
TAS2R1,CDH10,1
CRP,LBP,1
DEFA5,APOBEC1,1
CACNA1E,ATP1A2,1
LHX3,NEUROD4,1
AQP4,SCTR,1
NOG,PAEP,1
LHX3,POU4F3,1
INSM1,ASCL1,1
SLC26A3,FOXI1,1
NOTUM,NEURL,1
ATOH1,ASCL1,1
GLRA2,GABRA1,1
INS,MYOD1,1
FGF19,INS,1
ATOH1,PROX1,1
LDLRAD1,HEPACAM,1
IRS4,INSRR,1
ATOH1,HES6,1
GCG,GAD2,1
NTRK1,SLC18A3,1
ATP12A,CFTR,1
NOG,SOX2,1
KCNA1,SNAP25,1
PRL,ABCG2,1
HP,APCS,1
KIF19,DNAH9,1
GCG,NKX2-2,1
ELAVL4,INS,1
NR0B2,SLC10A1,1
SLC2A2,PPY,1
INS,CHGA,1
MSX1,NOG,1
SLC26A3,CFTR,1
SLC13A2,SLC26A3,1
KCNA1,CACNA1B,1
PCSK1,MC4R,1
NR5A1,NR0B2,1
SOX2,ASCL1,1
FGF8,LEFTY1,1
PRSS3,CTRB2,1
NKX6-1,INS,1
PIWIL2,PIWIL1,1
CACNA1G,NEUROG1,1
GIP,SLC2A2,1
KRTAP19-1,KRTAP11-1,1
NCAM1,CHGA,1
P2RX3,TRPA1,1
WFDC6,SPINT3,1
LGALS4,MYOD1,1
EYS,NEURL,1
CACNA1G,KCNA4,1
LHX8,DLX2,1
RBP4,INS,1
FLG,CASP14,1
CTSE,TCF23,1
CR2,FCER2,1
CACNA1B,ATP2B3,1
CTRB1,CPB1,1
EDN3,PIP,1
PRSS1,CFTR,1
ATOH1,WNT3A,1
CTSE,NTS,1
EYS,USH2A,1
SERPINA6,HNF4A,1
MUC5AC,CFTR,1
INSM1,INS,1
MS4A1,CD22,1
PPM1E,EPHA5,1
O3FAR1,GIP,1
DLK1,WNT3A,1
KRT4,CRNN,1
NR5A1,LHCGR,1
GRIA1,SLC17A7,1
NKX2-2,ASCL1,1
PAX1,FGF8,1
AFP,DLK1,1
NTRK1,POU4F1,1
SLC1A2,SLC17A7,1
SP8,FGF10,1
PAX8,DIO1,1
VSX2,ISL1,1
CLCNKB,BEST3,1
NOG,ZIC3,1
GNAT3,ISLR2,1
GNAT3,LINGO2,1
FGF8,INS,1
NKX2-2,SLC2A2,1
SOX2,CDX1,1
F7,CYP4F2,1
SLC18A3,CHRNA4,1
GDF5,MMP13,1
GABRA2,GABRA4,1
CAMK2B,GRM3,1
MYH7B,MYBPH,1
INSRR,PPM1E,1
DNAH9,TUBB2B,1
PPM1E,BMX,1
PPM1E,BLK,1
SPATA3,ODF1,1
PPM1E,ERN2,1
SPP1,ABCG2,1
MYH7B,MYOD1,1
PPM1E,EPHA8,1
GNAT3,LRRC10,1
GNAT3,OPTC,1
WNT3A,CDX1,1
GNAT3,LRRC38,1
GNAT3,LRRC53,1
GNAT3,LRRC19,1
GNAT3,LRRTM1,1
GNAT3,KERA,1
GNAT3,RXFP2,1
HNF1A,CRP,1
PNLIP,CTRB1,1
NEURL,TDGF1,1
NEURL,DLK1,1
NEURL,SCUBE3,1
GABRA4,GABRA1,1
SIGLEC6,PAEP,1
ALK,PHOX2B,1
DPPA3,SOX2,1
CPLX2,STXBP5L,1
GABRA5,GABRA4,1
GRIN2A,SLC1A2,1
MYH7B,ACTL6B,1
BEST3,GLRA2,1
GABRB2,GLRA2,1
AFP,LIN28A,1
GRIN2A,SYP,1
GCG,HNF4A,1
SPATA21,SCN1A,1
CALML5,SCN1A,1
CALN1,SCN1A,1
CLCNKB,GABRA5,1
LCE1E,LCE1A,1
FGF9,INS,1
VSX2,NEUROD4,1
GABRA1,CFTR,1
PAX2,ISL1,1
HMX1,NEUROD1,1
CACNA1B,ATP2B2,1
BAAT,PON1,1
NEUROD1,SST,1
KLK7,DSC1,1
CALN1,TUBB2B,1
SPATA21,TUBB2B,1
CALML5,TUBB2B,1
CLCNKB,GABRA2,1
CLCNKB,GABRA1,1
CLCNKB,GABRA4,1
SPP1,INS,1
GABRQ,BEST3,1
KCNA1,CACNA1G,1
CLCNKB,GABRQ,1
CLCNKB,GABRB2,1
PROX1,NEUROD4,1
POU4F1,NKX2-2,1
TPO,INS,1
KCNC2,CACNA1G,1
DCX,NCAM1,1
LCE2A,LCE1A,1
PRSS1,CPA1,1
CAMK2B,SPATA21,1
CAMK2B,CALN1,1
GABRB2,CFTR,1
ENPP1,PCSK1,1
COL25A1,SYP,1
ATOH1,BARHL1,1
BEST3,GABRA4,1
HSPB3,INS,1
GABRQ,CFTR,1
DIO1,SERPINA7,1
GABRA2,BEST3,1
CLCNKB,GLRA2,1
GLRA2,CFTR,1
GABRA4,CFTR,1
GABRA5,CFTR,1
GABRA2,CFTR,1
GABRA5,BEST3,1
BEST3,GABRA1,1
SPP1,MMP13,1
DCX,NEUROD1,1
GCG,CRP,1
SST,GAD2,1
ATP1A2,ATP2B2,1
GLRA2,SLC32A1,1
CTSE,INS,1
SOX2,ISL1,1
NTRK2,SYP,1
NTS,APOBEC1,1
HNF4A,NR0B2,1
TF,PRL,1
RBP4,CRP,1
CD19,CD70,1
FABP3,SLC27A6,1
FGF9,CDX1,1
SPTA1,SPATA21,1
LHX8,LIN28A,1
CALN1,SPTA1,1
CALML5,SPTA1,1
NKX6-1,SST,1
NEUROD1,HNF1A,1
ELAVL3,NEUROG1,1
AKR1C4,ALDH1A2,1
NPPB,MYH7B,1
APOA2,NTS,1
HMGA2,NTS,1
PRL,SLC10A1,1
AKR1B15,ALDH1A2,1
NEUROD4,ISL1,1
SP7,MYOD1,1
SLC18A3,SYP,1
POU4F1,ASCL1,1
HNF4A,NEUROD1,1
OCA2,GABRA5,1
TF,RBP4,1
F7,INS,1
TRH,CARTPT,1
NTSR1,NTRK2,1
POU4F1,VSX2,1
TRH,TSHR,1
GRM3,SLC1A2,1
SYP,INS,1
GC,SERPINA7,1
RBP2,CYP26A1,1
CARTPT,INS,1
ATP2B2,USH1C,1
EDN3,PHOX2A,1
PAX8,FGF8,1
DCDC5,DCX,1
PKLR,HAO2,1
DIO1,TRH,1
MUC6,POU4F1,1
NTS,PON1,1
AMBN,IBSP,1
SYCP1,ACTL6B,1
CALN1,ATP2B2,1
NTS,TTR,1
PAX8,CDH17,1
PRL,GAL,1
SNCB,UCHL1,1
TSPY10,AMELX,1
SOX2,LEFTY1,1
SOSTDC1,FOXI1,1
CACNA1E,GUCA1A,1
PRDM13,ASCL1,1
KCNH6,PRL,1
KLK3,FBN3,1
NTSR1,APOBEC1,1
PAX1,BMPER,1
STRA8,NR0B2,1
LHX8,IBSP,1
TF,MT3,1
KCNJ9,NTRK2,1
GC,RBP4,1
SLC2A2,HNF4A,1
OCA2,APCS,1
IL31RA,NPPB,1
SYP,SLC17A6,1
ABCG2,CFTR,1
AQP5,CFTR,1
GC,TTR,1
LHX2,WNT3A,1
NEUROD1,PPY,1
AQP4,KCNJ16,1
HP,LBP,1
CACNA1E,MYLPF,1
SST,UTS2,1
VPREB1,CD79B,1
AGXT,ALDH1A2,1
DBH,SLC6A2,1
KCNC2,CACNA1B,1
MMP9,DLK1,1
SPTA1,NTS,1
HAO2,ALDH1A2,1
TTR,MT3,1
HP,SERPINA7,1
CAMK2B,GUCA1A,1
NTRK1,MMP9,1
GRIA1,SLC1A2,1
CD19,TCL1A,1
NOTUM,ELAVL4,1
SOHLH1,STRA8,1
NTRK2,DLX2,1
KERA,INS,1
KCNK16,CACNA1B,1
AGTR2,CMA1,1
NKX2-2,PPY,1
GSX2,ASCL1,1
SFTPD,SCGB1A1,1
SST,ISL1,1
GDF5,BMPER,1
NEURL,TNN,1
TSPY1,AMELX,1
CST5,CST4,1
GRM4,GRIN2A,1
TF,ITIH2,1
TCF23,BAAT,1
MMP9,CDH17,1
FGF12,INS,1
FEZF1,MARCO,1
PRSS3,CPA1,1
DPPA5,DPPA3,1
NTSR1,PON1,1
SOX2,WNT3A,1
NOTUM,ELAVL3,1
SLC2A2,ISL1,1
LCE2B,LCE2A,1
NKX2-2,SST,1
CST5,CST1,1
SYP,SLC32A1,1
ASCL1,NEUROD4,1
TCF23,APOBEC1,1
AFP,KLK3,1
SERPINA6,PRL,1
ASCL1,ISL1,1
AGTR2,INS,1
CALCA,PPY,1
GCG,ISL1,1
CALCA,SYP,1
WNT3A,ISL1,1
NEURL,NCAM1,1
FEZF1,COL2A1,1
PADI4,TRIM67,1
CRP,CFTR,1
PADI4,TRIM9,1
GCG,TTR,1
ISL1,PHOX2B,1
SST,ATP12A,1
CARTPT,GAL,1
NEUROD1,MYOD1,1
INS,ATP12A,1
DBH,PHOX2B,1
ATP12A,CHGA,1
SAGE1,PAGE5,1
SPATA21,ATP2B3,1
SOX2,ABCG2,1
CALML5,ATP2B2,1
GCG,GAL,1
AQP4,NEURL,1
SPATA21,ATP2B2,1
PTPRD,CNTN6,1
CALML5,ATP2B3,1
KLK3,CHGA,1
SERPINA7,TPO,1
CALN1,ATP2B3,1
OCA2,INS,1
AIFM3,ALDH1A2,1
GRIN2A,SLC17A7,1
CALCA,TRH,1
FGF18,MYOD1,1
KIF19,TUBB2B,1
CITED1,INS,1
GRIA1,NTRK2,1
NEURL,AQP5,1
C10orf90,INS,1
HSPA6,ERN2,1
FABP2,SI,1
NEURL,ANGPTL5,1
TF,SERPINA7,1
TF,SST,1
C7orf10,ASZ1,1
BARHL1,POU4F3,1
CACNA1G,CRABP1,1
MEGF10,KRT1,1
MEGF10,KRT84,1
HOXC12,ISL1,1
MEGF10,KRT82,1
HSPA6,PCSK1,1
DDC,SLC17A6,1
MEGF10,KRT75,1
HSPA6,PCSK2,1
UCHL1,SYP,1
PCK1,PRL,1
LGALS4,INS,1
HMGA2,LIN28A,1
FGF10,INS,1
CTSE,ALPPL2,1
SST,PCSK2,1
HP,SLC6A2,1
FLG,DSC1,1
FOXB1,NEUROG3,1
SPTA1,SST,1
APOA2,HP,1
FGF8,ACTL6B,1
SSTR1,PCSK2,1
MSX1,FGF10,1
VIP,CHGA,1
ACE2,CMA1,1
VWC2,NOG,1
NTSR1,LCT,1
HNF4A,PROX1,1
SLC2A2,GCKR,1
NR5A1,SOX2,1
DLK1,PEG3,1
MSX1,LHX8,1
TPO,TRH,1
NTSR1,TTR,1
ELAVL4,KHDRBS2,1
PTPRD,CNTN2,1
HNF4A,FABP1,1
INS,ABCG2,1
CRP,MT3,1
SOX2,INS,1
CD19,VPREB1,1
PAX2,GCG,1
SPP1,FGF9,1
FGF8,NEUROG1,1
APOA4,FABP1,1
HNF1A,SLC10A1,1
KCNA1,SCN1A,1
KLK3,INS,1
AIFM3,CYP2A13,1
AIFM3,CYP2W1,1
KRT9,SLURP1,1
AIFM3,CYP26B1,1
NUDT11,KLK3,1
SPATA3,SMCP,1
PNLIP,INS,1
AIFM3,CYP26A1,1
AIFM3,CYP4F2,1
AIFM3,CYP2F1,1
ATP1A2,ATP2B3,1
CTRB2,CPA1,1
DEFA5,MUC17,1
CRP,PON1,1
HAO2,BAAT,1
ATP1A2,CDH10,1
ELAVL3,KHDRBS2,1
SLC17A8,ASCL1,1
KIF25,TUBB2B,1
NKX2-2,NEUROG1,1
TAS2R1,ATP1A2,1
ATP1A2,CDH9,1
NKX6-1,BLK,1
APOA2,TTR,1
CAMK2B,KCNH2,1
CALML5,CACNA1B,1
CYP2A13,CEACAM7,1
PRSS3,CELA3A,1
TDGF1,LIN28A,1
SLC36A2,SLC38A8,1
GRIA1,GAD2,1
FLG2,FLG,1
CACNA1B,SPATA21,1
CALN1,CACNA1B,1
KCNH6,CAMK2B,1
DCC,TRIM67,1
FABP7,DCX,1
OCA2,PCSK2,1
SERPINB7,PON1,1
USH2A,MYO15A,1
SERPINA10,APCS,1
C4orf26,AMBN,1
HTR3A,SST,1
INS,CDH17,1
PTPRD,CNTN1,1
PNCK,SPATA21,1
PAEP,SELL,1
CST1,CST4,1
PAX2,ATOH1,1
PNCK,CALN1,1
PNCK,CALML5,1
HP,INS,1
GPR1,EDN3,1
LHX2,DLX2,1
HAP1,NTRK2,1
GNAT3,GIP,1
PRSS1,CELA3A,1
LHX2,WNT8B,1
GCG,HNF1A,1
LHCGR,INS,1
CD19,KLRC1,1
KIF25,FRMD1,1
TSHR,INS,1
NR0B1,LHCGR,1
SCUBE3,GLRA2,1
C4orf26,MMP20,1
LCT,NTS,1
AQPEP,GGTLC1,1
NOG,FGF10,1
HMGA2,TCF23,1
SYP,PPY,1
LCE2A,LCE1E,1
MSX1,DLX2,1
GRIA1,SLC17A6,1
MMP9,NTS,1
PAX2,HMX1,1
CITED1,CRP,1
SPATA21,MYH7B,1
CALML5,MYH7B,1
SLC17A8,GAD2,1
CALN1,MYH7B,1
PNLIP,CELA3A,1
SOX2,HNF4A,1
SNCB,SLC17A7,1
CST1,HTN1,1
ALPPL2,PCSK2,1
PCSK1,ALPPL2,1
GRM3,GRIA1,1
DCC,TRIM9,1
LMO1,NHLH1,1
SPTA1,MARCO,1
ALK,NCAM1,1
PCSK1,ATP12A,1
PCSK2,ATP12A,1
MSX1,ISL1,1
SYCP1,PRDM9,1
PAX2,NEUROG1,1
CALCA,CRP,1
ENPP1,ABCG2,1
NOTUM,GPC3,1
AFP,TTR,1
CACNA1B,KCNA4,1
MYOD1,CDX1,1
GABRB2,GAD2,1
PRSS3,INS,1
F7,SERPINA10,1
ATP1A2,PCSK1,1
DSC1,KRT1,1
GABRB2,SLC32A1,1
ATP1A2,PCSK2,1
SLC5A8,ALDH1A2,1
ALPPL2,INS,1
POU4F3,ISL1,1
GRIN2A,NTRK2,1
LRAT,SDR9C7,1
MYO1A,SI,1
CALML5,MYO1A,1
SPATA21,MYO1A,1
CALN1,MYO1A,1
PAX2,VSX2,1
LY6H,SLURP1,1
SLC1A2,SLC6A2,1
SYP,GAD2,1
KRT1,MYO15A,1
KRT82,MYO15A,1
MYOD1,ACTL6B,1
AIRE,CHRND,1
OCA2,MC4R,1
TSHR,SST,1
GRIN2A,GAD2,1
ASCL1,MYOD1,1
DLK1,FABP2,1
KRT84,MYO15A,1
KRT75,MYO15A,1
MEGF10,MYO15A,1
SOX2,NCAM1,1
KLK7,FLG,1
APCS,CRP,1
NEUROD1,VSX2,1
SLC1A2,SLC17A6,1
LHX2,GSX2,1
SPTA1,GRIA1,1
GSX2,LHX8,1
AQP4,CFTR,1
PAX1,MSX1,1
CHRNA4,SLC17A6,1
LHX2,BARHL1,1
NEUROG1,NHLH1,1
POU4F1,NEUROD1,1
PNLIP,CPA1,1
EDN3,CMA1,1
ACE2,FGF23,1
MSX1,SOX2,1
SFTPA1,SCGB1A1,1
GNAT3,SNAP25,1
TMEM247,SMCP,1
HOXD12,FGF8,1
LY6H,LYPD4,1
ISX,INS,1
GC,APOA4,1
LIN28A,PIWIL1,1
SLC2A2,SLC5A11,1
SCN1A,GABRA1,1
ACMSD,ALDH1A2,1
CHI3L1,DAO,1
AFP,HP,1
MAGEB10,PAGE2B,1
CACNA1G,SCN1A,1
HP,CD22,1
KRTAP3-3,KRTAP11-1,1
PNLIP,PRSS3,1
KLRC1,SELL,1
SLC17A6,PHOX2B,1
SP7,WNT3A,1
MMP9,PRSS3,1
DAZ1,KHDRBS2,1
PCK1,HNF4A,1
AFP,SERPINA7,1
PKLR,SLC2A2,1
TPO,GAD2,1
SI,CDX1,1
SYCP1,STRA8,1
PIP,CST4,1
NR5A1,PRL,1
NEUROD2,ASCL1,1
NKX2-2,SOX2,1
NKX2-2,FGF8,1
NTS,CTCFL,1
AIFM3,PKLR,1
MMP13,IBSP,1
NKX2-2,LHX3,1
TRPA1,ASIC2,1
MLC1,HEPACAM,1
NEUROG1,POU4F3,1
APOA2,PKLR,1
NOG,MYOD1,1
DIO1,TSHR,1
NTSR1,BAAT,1
CRABP1,ALDH1A2,1
GPR1,GPR6,1
SLC2A2,PCSK2,1
HNF4A,HES6,1
AQP5,SCGB1A1,1
RBP4,HP,1
NEUROG1,CRABP1,1
CPB1,CPA1,1
FGF8,LHX8,1
GCG,SYP,1
FAM19A4,KERA,1
LHX2,ATOH1,1
NEUROG1,MYOD1,1
SERPINA6,INS,1
SLC6A17,SLC1A2,1
PRL,SSTR5,1
PRL,NTS,1
TF,MMP9,1
LRAT,CRABP1,1
GNAT3,SLC2A2,1
HMX1,SST,1
LHX3,PRL,1
DPYSL5,NTRK2,1
SNCB,SNAP25,1
SP9,ASCL1,1
KLK7,SPINK9,1
FOXI1,TSHR,1
NOG,LEFTY1,1
SELL,CD22,1
KRT86,VSX2,1
CD19,ALK,1
NEUROG3,CHGA,1
FABP2,INS,1
MYO15A,GUCA1A,1
LHX2,NEUROG1,1
NTS,ACE2,1
MUC6,NEUROG1,1
UTS2R,GPR6,1
PSG5,LGALS4,1
AGXT,TTR,1
DCX,NTRK2,1
SERPINA7,ZIC3,1
NXPE4,NXPE1,1
FABP1,HNF1A,1
SPTA1,HP,1
HMX1,PPY,1
PAX2,WNT3A,1
APOA4,HP,1
ISL1,PPY,1
DBH,CHGA,1
CTRB2,CELA3A,1
SPINK9,SPINK5,1
TF,SERPINA4,1
NTSR1,TCHH,1
GIP,NTS,1
KLRC1,GZMA,1
CITED1,MT3,1
SLC26A3,MARCO,1
NCAM1,GZMA,1
ERVW-1,MT3,1
HSPB3,GZMA,1
ROS1,TCF23,1
TMEM247,HMHB1,1
SPP1,FGF23,1
TCF23,TTR,1
GCG,TF,1
PRL,CRP,1
GZMA,SELL,1
KRTAP19-1,KRTAP19-5,1
NTSR1,INS,1
CST1,PIP,1
INS,GPR83,1
CD19,CARTPT,1
ROS1,NTS,1
AMELX,IBSP,1
KRT10,CFTR,1
INS,SELL,1
FABP7,SOX2,1
TRIM67,LYPD4,1
HMGA2,INS,1
NTRK2,INS,1
GC,FGF23,1
DPPA3,STRA8,1
KRTAP13-2,KRTAP19-1,1
DPPA5,SOX2,1
INS,PON1,1
PYDC1,LGALS4,1
PNLIP,C10orf90,1
TRH,PPY,1
HMX1,GIP,1
BRS3,SI,1
TCF23,LCT,1
MC4R,GAL,1
LCT,INS,1
AFP,INS,1
CALCA,GAL,1
NTSR1,ROS1,1
GCG,CARTPT,1
CALCA,NTS,1
SPATA3,C2orf72,1
SPP1,CRP,1
ABCG2,SLC10A1,1
FABP3,INS,1
DNMT3L,PIWIL1,1
O3FAR1,INS,1
CRP,ATP12A,1
KRTAP13-2,KRTAP19-5,1
AIRE,LCT,1
VIP,HTR3A,1
HMGA2,NTSR1,1
CD19,INS,1
NCAM1,INS,1
APOA2,INS,1
BAAT,NTS,1
TCHH,NTS,1
PAX2,CDH16,1
PNLIPRP3,KRTDAP,1
NR5A1,INS,1
KRTAP19-1,KRTAP17-1,1
DLK1,INS,1
HNF4A,NEUROG3,1
PRL,CHGA,1
KLK3,CRP,1
KRTAP4-9,KRTAP17-1,1
DBH,GAL,1
HOXC5,ISL1,1
NTRK1,INS,1
GNAT3,TRPM1,1
CACNA1B,SOX2,1
GCKR,INS,1
LHX2,SOX2,1
AFP,FABP1,1
SSTR5,CHGA,1
DLX2,ISL1,1
PCSK2,CHGA,1
AFP,CTCFL,1
DDC,SLC17A7,1
ZIC3,ATP2B3,1
NCAM1,MYOD1,1
COL2A1,GDF5,1
HNF4A,EFHD1,1
CR2,MS4A1,1
NEUROD1,POU4F3,1
PROX1,HNF1A,1
CD70,SELL,1
CD79B,MS4A1,1
CHI3L1,CRP,1
KRT74,DSC1,1
FABP1,AIRE,1
KRTAP19-5,KRTAP17-1,1
CHRNA4,SLC17A7,1
SPINK5,DSC1,1
FOXI1,ATP6V1B1,1
SPTA1,CTCFL,1
HNF4A,CYP26A1,1
LHX3,NKX6-1,1
MYH7B,MYO15A,1
C20orf141,SMCP,1
WNT3A,NTRK2,1
SLC2A2,C7orf10,1
GRM4,GRIA1,1
FGF18,INS,1
CACNA1B,SNAP25,1
DIO1,TPO,1
HNF4A,LGALS4,1
NOG,ISL1,1
PADI4,FLG,1
DRGX,NOG,1
DDC,SLC6A2,1
ATOH1,ISL1,1
TCL1A,VPREB3,1
CR2,NCAM1,1
GRIA1,SLC32A1,1
NCAM1,CDH17,1
SPTA1,MYH7B,1
CCL25,FABP2,1
PAGE1,LUZP4,1
WNT8B,DLX2,1
TCL1A,MS4A1,1
GC,CRP,1
SYNGR4,UTS2R,1
HNF1A,NEUROG3,1
SFTPA2,SCGB1A1,1
KRT1,CASP14,1
VPREB1,VPREB3,1
EPHA5,CYP26A1,1
HNF1A,TTR,1
SLC18A3,PHOX2B,1
KRTAP3-2,KRTAP2-1,1
SLC1A2,SYP,1
SLC2A2,SI,1
KCNC2,KCNH2,1
ESX1,FGF8,1
FGF12,SCN1A,1
UCHL1,CHGA,1
GALNT9,B4GALNT1,1
SLC12A3,CFTR,1
AFP,S100G,1
LHX2,ASCL1,1
CALCA,FGF23,1
SPP1,AMBN,1
GCNT3,TPO,1
CD19,FCER2,1
KRT36,KRT84,1
TCL1A,CD79B,1
GAGE1,LUZP4,1
SLC5A8,TPO,1
PRL,SSTR1,1
CAMK2B,MYLPF,1
ALX4,IBSP,1
EDN3,PHOX2B,1
ITIH2,SERPINA7,1
MC4R,NTRK2,1
APOA4,INS,1
SPTA1,APCS,1
HP,SERPINA6,1
APOA2,ATOH1,1
UTS2R,SST,1
EDN3,ASCL1,1
NPSR1,CHI3L1,1
CHRND,VIL1,1
DBH,EDN3,1
SCN1A,KCNH2,1
INS,FGF23,1
SOX2,MYOD1,1
SKOR1,PTPRD,1
RBP4,HNF1A,1
PAX1,MYOD1,1
GAD2,GLRA2,1
APOA2,DLK1,1
PAX2,CYP26A1,1
CALCA,ATP12A,1
FLG,LCE2B,1
HMGA2,FABP1,1
OCA2,CRP,1
SPATA3,MAGEB10,1
ASB4,INS,1
NR5A1,LHX3,1
KRT1,SLURP1,1
CNTN2,CNTN1,1
HNF4A,BLK,1
WNT3A,CDH17,1
MMP9,CMA1,1
MAB21L1,CDX1,1
KRTAP2-3,KRTAP1-5,1
KCNK16,CACNA1G,1
GAD2,DLX2,1
DSCAM,NTS,1
DRGX,POU4F1,1
PIWIL2,STRA8,1
O3FAR1,NEUROG3,1
AFP,SOX2,1
SLITRK2,PTPRD,1
CPLX2,NEUROD1,1
KRT86,DSG4,1
ALX4,FGF8,1
WNT8B,MYOD1,1
SPINK8,SPINK9,1
MYO1A,USH1C,1
LHX2,LHX3,1
GRIN2A,GABRB2,1
HES6,DLL3,1
GC,APCS,1
SPTA1,PPY,1
KCNJ9,ATP1A2,1
GRM3,GABRB2,1
MMP9,SELL,1
KRTAP2-1,KRTAP4-9,1
NEUROD2,TRH,1
DLX3,PEG3,1
ESRRB,USH2A,1
KRT10,SLURP1,1
VIP,UCHL1,1
ALPPL2,ACTL6B,1
MSX1,STRA8,1
CDH17,USH1C,1
CTRB1,TRH,1
BLK,KRT9,1
VSX2,PROX1,1
SOST,IBSP,1
TF,ATP12A,1
GSX2,ISL1,1
KRT28,EPHA5,1
PRL,PPY,1
PRSS3,CFTR,1
TCHH,TCF23,1
BPIFB1,BPIFB2,1
HNF4A,WIF1,1
APOA4,TTR,1
SPATA21,ALPPL2,1
MYOD1,ISL1,1
CALML5,ALPPL2,1
KRTAP17-1,KRTAP4-8,1
APOA2,SPINK5,1
GCG,SSTR5,1
LHX8,STRA8,1
CALN1,ALPPL2,1
ENTPD8,ENPP1,1
NEUROD1,PROX1,1
GAD2,HNF1A,1
MUC17,MEP1A,1
GRIN2A,SLC17A6,1
COL2A1,SP7,1
NTRK1,SLITRK2,1
SERPINA4,INS,1
HMX1,ISL1,1
RTL1,PEG3,1
S100G,SI,1
KRTAP19-5,KRTAP11-1,1
SLC47A1,ABCG2,1
FGF9,PAEP,1
AIRE,INS,1
FGF23,GLRA2,1
ARL14,MYO15A,1
FGF10,NEUROG3,1
KRTAP2-3,KRT27,1
FABP1,VIL1,1
CAPN8,CTSE,1
P2RX3,ASIC2,1
KRTAP13-2,KRTAP17-1,1
CACNA1B,GUCA1A,1
INSRR,KRT27,1
C20orf141,ODF1,1
HP,SERPINA10,1
PAX2,MSX1,1
CTSE,APOBEC1,1
TF,SPP1,1
DCX,DLX2,1
TMEM63C,TCF23,1
CD19,CRP,1
LYPD4,ASZ1,1
CACNA1E,UTS2R,1
CHRNA6,SLC17A6,1
SST,SCTR,1
SPOCK3,HMCN1,1
NEUROD1,CHGA,1
ERVW-1,MARCO,1
ESX1,SOX2,1
ALK,CR2,1
CD19,UCHL1,1
NTSR1,NLRP12,1
NKX2-2,INSM1,1
PHOX2A,ISL1,1
SLC18A3,VIP,1
DNMT3L,TDRD1,1
KCNH2,CFTR,1
DDC,CHGA,1
LY6G6D,LY6G6C,1
UCHL1,SELL,1
THRSP,INS,1
KRTAP2-1,KRTAP4-8,1
KRT10,SERPINA10,1
DEFB4A,CFTR,1
VIP,CFTR,1
NPPB,INS,1
CRP,FGF23,1
FGF8,ASCL1,1
VIL1,GPR83,1
SOX2,VSX2,1
SFTPD,CFTR,1
FGF10,ACTL6B,1
KLK3,PRL,1
HTR3A,P2RX3,1
ISX,SI,1
EDN3,INS,1
SOX2,NEUROG3,1
GPC3,GRM4,1
FOXI1,CFTR,1
GC,APOA2,1
PAX2,NKX2-2,1
SLC27A6,MOGAT3,1
MYO1A,MEP1A,1
POU4F1,NTRK2,1
AFP,CHGA,1
BRS3,GPHA2,1
MUC5AC,POU4F1,1
SLC2A2,PCSK1,1
LGI2,AMBN,1
DAZ1,TSPY2,1
CDX1,CDH17,1
ARL14,TUBB2B,1
SPATA3,C20orf141,1
ATP12A,SLC10A1,1
LHCGR,GPHA2,1
ESX1,GCM1,1
SOX2,PROX1,1
GSX2,NEUROG1,1
LHX2,ISL1,1
SDR9C7,CYP26A1,1
KRTAP3-1,KRTAP4-9,1
PTPRD,GRIA1,1
AFP,ALPPL2,1
ELAVL3,ISL1,1
LGALS4,CDH17,1
NEUROG1,DLX2,1
FGF9,FZD9,1
FABP7,ASCL1,1
DPPA3,DNMT3L,1
DEFA5,SI,1
DCX,SYP,1
HTN3,TRH,1
DSG4,KRT74,1
CHRNA4,GRIN2A,1
GCG,MT3,1
TMEM63C,NTS,1
DSCAM,CPA1,1
ATP2B2,ATP12A,1
KRT1,KRT10,1
GIP,GCG,1
TTR,RBP4,1
BSND,CLCNKB,1
TDRD1,PIWIL2,1
SSTR1,SST,1
LIN28A,SOX2,1
CD79B,CD19,1
SLC32A1,GAD2,1
INS,GCG,1
SST,SSTR5,1
PPY,SST,1
NTS,NTSR1,1
WNT3A,FZD9,1
UTS2,UTS2R,1
GNAT3,RGS21,1
NOG,GDF5,1
DDC,DBH,1
NR5A1,NR0B1,1
ADCY8,GRM3,1
GRIN2A,CAMK2B,1
UNC5D,DCC,1
CYP26A1,ALDH1A2,1
GAL,SST,1
ADAM23,LGI2,1
CD22,CD79B,1
WNT3A,WIF1,1
TAS2R1,GNAT3,1
CALCA,GCG,1
AGXT,HAO2,1
GCNT3,MUC5AC,1
RBP2,LRAT,1
SLC32A1,SLC17A7,1
WNT3A,SOST,1
HNF1A,SLC2A2,1
WNT8B,FZD9,1
KIF25,KIF19,1
CALCA,VIP,1
MUC17,MUC6,1
ASCL1,HES6,1
CYP26B1,ALDH1A2,1
SFTPA2,SFTPA1,1
PRL,TRH,1
LEFTY1,TDGF1,1
APOA4,APOA2,1
ASZ1,MAEL,1
TRH,GCG,1
GPR83,ADCY8,1
TDRD1,MAEL,1
SST,GCG,1
PIWIL2,MAEL,1
NDST4,GPC3,1
CD22,CD19,1
SCTR,VIP,1
BLK,CD79B,1
ADAM23,LGI3,1
GIP,VIP,1
CFTR,TF,1
NTS,TRH,1
O3FAR1,GCG,1
NTS,GCG,1
SLC17A7,SNAP25,1
TDGF1,SOX2,1
MUC17,MUC5AC,1
SLC32A1,SNAP25,1
SLC32A1,SLC17A6,1
SFTPD,SFTPA1,1
CYP26A1,CRABP1,1
SCTR,CALCA,1
CYP26A1,LRAT,1
TDRD1,ASZ1,1
PCK1,PKLR,1
PPY,GAL,1
SCTR,GCG,1
GNAT3,GCG,1
TTR,APCS,1
SNAP25,GAD2,1
INS,PCSK2,1
TSHR,CALCA,1
APOA2,GPC3,1
MC4R,GCG,1
INS,PCSK1,1
SHC4,NTRK1,1
WNT3A,GPC3,1
INS,SNAP25,1
ZIC3,SOX2,1
SCTR,GIP,1
PCSK1,GCG,1
GRIA1,GRIN2A,1
PPY,NPY5R,1
UTS2,NTS,1
WNT3A,WNT8B,1
CNR2,GNAT3,1
TTR,HNF4A,1
CDH9,CDH10,1
ASZ1,PIWIL2,1
MUC17,MUC21,1
GRM4,GNAT3,1
ADCY8,GNAT3,1
CALCA,GIP,1
SSTR1,SSTR5,1
SNAP25,SLC18A3,1
INS,PRL,1
GABRA1,GABRB2,1
PPY,GCG,1
LHCGR,TSHR,1
AKR1C4,UGT2B10,1
RBP2,APOA4,1
SFTPD,SFTPA2,1
CDH9,CDH7,1
HTR3C,HTR3A,1
MUC21,MUC6,1
CYP26B1,CRABP1,1
FABP1,APOA2,1
DSCAM,DCC,1
GABRB2,GABRA2,1
NCAM1,SPTA1,1
CR2,CD19,1
MMP13,MMP9,1
RBP2,RBP4,1
SPSB4,ASB4,1
MUC21,MUC5AC,1
FGF23,FGF18,1
COL23A1,COL25A1,1
APCS,APOA4,1
CALCA,NPSR1,1
SST,AGTR2,1
SST,PTGDR2,1
INS,SPTA1,1
FGF23,FGF9,1
GRIA3,GRIN2A,1
DAO,HAO2,1
GCNT3,B3GNT6,1
GAL,SSTR1,1
GAL,NPY5R,1
SLC32A1,SLC17A8,1
INS,APCS,1
INS,TF,1
ST8SIA5,B4GALNT1,1
SLC32A1,SLC18A3,1
LHCGR,GIP,1
IBSP,ENPP1,1
LHCGR,VIP,1
PCSK1,GIP,1
GRIA1,CAMK2B,1
PPY,SSTR5,1
INS,SST,1
VIP,GCG,1
GRIA3,CAMK2B,1
GPR83,GCG,1
GABRB2,GABRA5,1
FGF18,FGF19,1
TSHR,GCG,1
SCTR,TSHR,1
DAO,AGXT,1
NCAM1,CNTN2,1
PPY,SSTR1,1
CALCB,VIP,1
CTRB1,MMP9,1
NEUROG3,HES6,1
CHGA,SYP,1
FGF19,FGF9,1
MC4R,GIP,1
EDN3,AGTR2,1
GABRA2,GABRQ,1
INS,CRP,1
CYP4F2,PLA2G12B,1
AKR1C4,UGT2B15,1
TRH,NTSR1,1
MCHR2,SST,1
GABRA1,GABRA2,1
TSHR,MC4R,1
GABRA4,GABRB2,1
CYP2A13,UGT2A1,1
SCTR,LHCGR,1
GCNT3,MUC6,1
GABRA1,GABRQ,1
GRIA3,GRIA1,1
HS3ST3A1,GPC3,1
MOGAT3,PNLIP,1
LHCGR,CALCA,1
ADCY8,GCG,1
FGF10,FGF18,1
PPY,GNAT3,1
FGF23,FGF19,1
TPO,DDC,1
NPY5R,GNAT3,1
LHCGR,GCG,1
FGF18,FGF9,1
CDH17,CDH7,1
SLC17A6,SLC18A3,1
MCHR2,GNAT3,1
LHCGR,RXFP2,1
SSTR5,GNAT3,1
SSTR1,GNAT3,1
TRH,EDN3,1
AGTR2,GNAT3,1
HTR1E,GNAT3,1
LHCGR,MC4R,1
UTS2,MCHR2,1
TSHR,VIP,1
SST,GNAT3,1
UTS2,NTSR1,1
SLC17A7,SLC18A3,1
SST,GRM4,1
NTS,AGTR2,1
MUC6,MUC5AC,1
GABRA4,GABRQ,1
AKR1C4,UGT2A1,1
CYP2A13,UGT1A8,1
NTSR1,GCG,1
MCHR2,GRM3,1
USH1C,PCDH15,1
TRH,ADRA1B,1
PRSS1,MMP9,1
MC4R,VIP,1
NPY5R,GRM4,1
AKR1C4,UGT2B11,1
TRH,BRS3,1
ISL1,GIP,1
SST,TAS2R1,1
CHRNA1,CHRM1,1
GAL,SSTR5,1
TRH,AGTR2,1
NTS,BRS3,1
WBSCR17,MUC5AC,1
AGTR2,CNR2,1
CYP2A13,UGT2B11,1
EDN3,GCG,1
NEU2,GAL3ST1,1
SST,NPY5R,1
NPY5R,GRM3,1
SST,GRM3,1
GRM3,GNAT3,1
NCAM1,CD19,1
NTS,MCHR2,1
GABRA5,GABRQ,1
MCHR2,UTS2R,1
MCHR2,GRM4,1
SSTR1,GRM3,1
NTS,EDN3,1
TSHR,RXFP2,1
FGF10,FGF9,1
GABRA5,GABRA2,1
COL20A1,COL23A1,1
CHRNA9,CHRNA4,1
CHRM1,GCG,1
UTS2R,EDN3,1
MC4R,CALCA,1
GAL,GRM4,1
CDH17,CDH10,1
CYP26A1,UGT2B15,1
FGF23,FGF10,1
CYP26B1,UGT2B11,1
CYP26B1,UGT2B10,1
CDH17,CDH9,1
BLK,EPHA5,1
CYP26A1,UGT2B10,1
CYP26A1,UGT1A8,1
CYP26A1,UGT2B11,1
CYP26B1,UGT2B15,1
CYP26B1,UGT2A1,1
AKR1C4,UGT1A8,1
CYP2A13,UGT2B15,1
RBP2,PNLIP,1
UGT2B10,CYP2A13,1
MCHR2,TRH,1
GABRA1,GABRA5,1
CYP26B1,UGT1A8,1
CYP26A1,UGT2A1,1
CALCB,GCG,1
ADCY8,PKLR,1
ADCY8,MC4R,1
GAL,MCHR2,1
APCS,CALCA,1
GRM4,CNR2,1
BRS3,GCG,1
WBSCR17,MUC6,1
SCTR,MC4R,1
MMP13,PRSS1,1
NPSR1,VIP,1
SSTR1,GRM4,1
MUC17,GCNT3,1
UTS2,HCRTR2,1
CHRNA1,CHRNA9,1
CHRM1,EDN3,1
GAL,AGTR2,1
HCRTR2,QRFPR,1
MCHR2,NPY5R,1
SSTR5,GRM4,1
RXFP2,NPSR1,1
GRM3,GRM4,1
TSHR,GIP,1
GPR83,GIP,1
ADRA1B,GCG,1
ADCY8,SST,1
GPR83,MC4R,1
TRH,CHRM1,1
MCHR2,BRS3,1
ADCY8,GIP,1
SSTR5,GRM3,1
NTS,CHRM1,1
AGTR2,GRM4,1
SCN1A,SPTA1,1
UTS2,TRH,1
DIO1,UGT2B11,1
CHRNA6,CHRNA4,1
UGT2B10,DIO1,1
SSTR1,HTR1E,1
GAL,CNR2,1
GAL,GRM3,1
B3GNT6,MUC5AC,1
NTRK2,NTRK1,1
CHRM1,UTS2R,1
SST,CNR2,1
GAL,GNAT3,1
KRT1,KRT77,1
MCHR2,NTSR1,1
DIO1,UGT1A8,1
SST,HTR1E,1
CALML5,CAMK2B,1
GRM3,AGTR2,1
RBP2,APOA2,1
SSTR1,ADCY8,1
HCRTR2,GCG,1
CHRND,CHRNA4,1
RBP2,AKR1C4,1
AMBN,AMELX,1
CLDN8,CLDN19,1
PTGDR2,GRM4,1
USH1C,USH2A,1
GRM3,CNR2,1
MCHR2,CHRM1,1
HTR1E,GRM4,1
ALDH1A2,UGT2B11,1
ALDH1A2,UGT2B15,1
TRH,UTS2R,1
ALDH1A2,UGT1A8,1
SSTR5,HTR1E,1
TRH,QRFPR,1
ADCY8,GRM4,1
SCTR,NPSR1,1
CALCA,CALCB,1
ADCY8,LHCGR,1
MUC6,B3GNT6,1
QRFPR,GCG,1
NPSR1,QRFPR,1
HTR1E,GRM3,1
ADCY8,TSHR,1
APCS,PRL,1
CHRM1,ADRA1B,1
EDN3,NTSR1,1
CHRNA1,CHRNA4,1
GPR83,TSHR,1
GRM4,TAS2R1,1
SCTR,GPR83,1
ALDH1A2,UGT2A1,1
EDN3,BRS3,1
ADCY8,SSTR5,1
ALDH1A2,UGT2B10,1
UTS2,GCG,1
NTSR1,AGTR2,1
ADRA1B,HCRTR2,1
CCL25,GNAT3,1
PTGDR2,NPY5R,1
TSHR,NPSR1,1
COL2A1,COL25A1,1
LHCGR,NPSR1,1
UTS2,NPSR1,1
UTS2R,AGTR2,1
CHRNA1,CHRNA6,1
ADCY8,ENTPD8,1
ADRA1B,BRS3,1
SLC18A3,TF,1
RXFP2,MC4R,1
ADCY8,NPSR1,1
SOST,WNT8B,1
HTR1E,CCL25,1
COL20A1,COL25A1,1
CDH10,CDH7,1
ADRA1B,UTS2R,1
PPY,PTGDR2,1
NPSR1,BRS3,1
UTS2,EDN3,1
CHRNA6,CHRNA9,1
NPY5R,CNR2,1
BLK,TDGF1,1
ADCY8,NPY5R,1
TRH,NPSR1,1
GPR83,LHCGR,1
SSTR1,CCL25,1
MCHR2,CCL25,1
TTR,TF,1
NPY5R,CCL25,1
SSTR5,CCL25,1
SSTR1,MCHR2,1
NTS,NPSR1,1
TRH,HCRTR2,1
AGTR2,CCL25,1
NPSR1,AGTR2,1
CNR2,CCL25,1
MCHR2,SSTR5,1
CYP4F2,PLA2G2E,1
GRM3,TAS2R1,1
SSTR1,NPY5R,1
GAL,HTR1E,1
PPY,GRM4,1
HTR1E,PTGDR2,1
RXFP2,CALCA,1
ATP6V1B1,INS,1
GAL,PTGDR2,1
NTS,UTS2R,1
APCS,SEMG1,1
NPSR1,GCG,1
ADRA1B,NPSR1,1
MCHR2,GCG,1
ADCY8,RXFP2,1
PTGDR2,GNAT3,1
NCAM1,TRIM2,1
F2RL2,NPSR1,1
F2RL2,UTS2R,1
UTS2,BRS3,1
F2RL2,QRFPR,1
ADCY8,VIP,1
F2RL2,HCRTR2,1
NTSR1,QRFPR,1
GAD2,BAAT,1
HTR1E,NPY5R,1
CHRM1,QRFPR,1
GABRB2,GABRQ,1
NPSR1,HCRTR2,1
SSTR5,PTGDR2,1
SSTR5,NPY5R,1
MCHR2,HTR1E,1
CHRM1,NPSR1,1
SSTR1,PTGDR2,1
UTS2,CHRM1,1
FBN2,FBN3,1
UTS2R,QRFPR,1
SCTR,RXFP2,1
SCTR,ADCY8,1
COL2A1,COL23A1,1
GALNT9,MUC5AC,1
NCAM1,CACNA1G,1
GPR83,RXFP2,1
UTS2R,NPSR1,1
CHRM1,BRS3,1
EPHA8,EPHA5,1
UTS2,F2RL2,1
ADCY8,CNR2,1
PKLR,ENTPD8,1
MC4R,NPSR1,1
UTS2,QRFPR,1
EDN3,HCRTR2,1
NTS,F2RL2,1
PTGDR2,AGTR2,1
SSTR1,AGTR2,1
GRM3,CCL25,1
MCHR2,TAS2R1,1
MUC21,GCNT3,1
MOGAT3,PNLIPRP3,1
GAL,CCL25,1
EDN3,QRFPR,1
MUC17,GALNT9,1
BRS3,AGTR2,1
F2RL2,CHRM1,1
GPR83,CALCB,1
SSTR5,CNR2,1
F2RL2,GCG,1
MCHR2,ADCY8,1
GRM4,CCL25,1
NTS,HCRTR2,1
HTR1E,CNR2,1
ADCY8,CALCB,1
ADCY8,TAS2R1,1
DEFA5,PRSS3,1
TRIM9,SPSB4,1
NTS,ADRA1B,1
SSTR1,TAS2R1,1
F2RL2,AGTR2,1
TRIM9,ASB4,1
F2RL2,ADRA1B,1
RXFP2,GIP,1
ADCY8,AGTR2,1
EDN3,NPSR1,1
MCHR2,EDN3,1
CHRM1,NTSR1,1
PTGDR2,CNR2,1
SST,CCL25,1
MCHR2,ADRA1B,1
HTR1E,AGTR2,1
ADCY8,HTR1E,1
PPY,CNR2,1
F2RL2,NTSR1,1
MCHR2,NPSR1,1
UTS2R,NTSR1,1
TSHR,CALCB,1
PPY,CCL25,1
ADRA1B,QRFPR,1
MCHR2,QRFPR,1
MCHR2,PTGDR2,1
UTS2,ADRA1B,1
MCHR2,F2RL2,1
SSTR5,TAS2R1,1
PNLIP,PNLIPRP3,1
RXFP2,GCG,1
ADCY8,PTGDR2,1
PPY,MCHR2,1
ADCY8,CALCA,1
PTGDR2,GRM3,1
NTSR1,HCRTR2,1
F2RL2,BRS3,1
USH1C,CNTN2,1
PPY,HTR1E,1
PPY,TAS2R1,1
PTGDR2,TAS2R1,1
MUC21,GALNT9,1
HTR1E,TAS2R1,1
COL20A1,COL2A1,1
SCTR,CALCB,1
CHRM1,HCRTR2,1
ADRA1B,NTSR1,1
NPY5R,AGTR2,1
MC4R,CALCB,1
NTSR1,BRS3,1
FGFBP2,FGF10,1
CFTR,SLC18A3,1
GIP,NPSR1,1
FABP1,ANKRD1,1
PTGDR2,CCL25,1
LHCGR,CALCB,1
GPR83,NPSR1,1
AGTR2,TAS2R1,1
UTS2R,BRS3,1
RXFP2,CALCB,1
NPSR1,NTSR1,1
PPY,ADCY8,1
SSTR1,CNR2,1
SSTR5,AGTR2,1
UTS2,AGTR2,1
BRS3,HCRTR2,1
MCHR2,AGTR2,1
MUC17,B3GNT6,1
CALCB,NPSR1,1
ADRA1B,EDN3,1
GALNT9,B3GNT6,1
MCHR2,CNR2,1
F2RL2,TRH,1
GPR83,CALCA,1
WBSCR17,B3GNT6,1
GPR83,VIP,1
WBSCR17,MUC21,1
GAL,TAS2R1,1
NPY5R,TAS2R1,1
F2RL2,EDN3,1
SLC17A8,SLC18A3,1
MUC21,B3GNT6,1
APOA4,GPC3,1
UTS2R,HCRTR2,1
NTS,QRFPR,1
PPY,GRM3,1
ATP6V1B1,TF,1
CALCB,GIP,1
GAL,ADCY8,1
UTS2R,GCG,1
MCHR2,HCRTR2,1
GALNT9,MUC6,1
ADCY8,CCL25,1
BRS3,QRFPR,1
PPY,AGTR2,1
TAS2R1,CCL25,1
MUC17,WBSCR17,1
RXFP2,VIP,1
CNR2,TAS2R1,1
NTRK2,SHC4,1
WNT3A,NOTUM,1
HNF1A,HNF4A,1
NEUROG3,NKX6-1,1
INS,SLC2A2,1
APOA2,AFP,1
SNAP25,CPLX2,1
ADCY8,CAMK2B,1
IBSP,SPP1,1
KRT10,KRT77,1
UGT2B10,UGT2B11,1
STAP1,BMX,1
IBSP,SP7,1
CACNA1G,CALML5,1
GABRB2,HAP1,1
F2RL2,PYDC1,1
SPINK9,KLK8,1
LHX8,SOHLH1,1
KRT10,KRT2,1
GABRA1,HAP1,1
FAM19A4,SP7,1
CLCNKB,SLC12A3,1
MT1H,MT1G,1
ATP12A,ATP6V1B1,1
FGF8,MSX1,1
PRSS1,PRSS3,1
HP,TF,1
GRIN2A,CALML5,1
INS,CACNA1B,1
INS,INSRR,1
NTS,SST,1
KCNMB2,KCNU1,1
NKX6-1,GCG,1
INS,GAD2,1
PLA2G12B,PLA2G2E,1
HTN1,HTN3,1
TCL1B,TCL1A,1
MEP1A,ACE2,1
CPB1,PRSS1,1
PRL,VIP,1
TSHR,TPO,1
CRP,HP,1
INS,CACNA1E,1
DNAJC5G,HSPA6,1
WNT8B,GPC3,1
NEUROD1,NKX2-2,1
WIF1,WNT8B,1
ADCY8,CALML5,1
GRIN2A,GRM3,1
PPY,INS,1
FABP2,FABP1,1
GZMA,F2RL2,1
INS,NEUROD1,1
INS,GIP,1
MMP20,AMBN,1
CACNA1E,CACNA1B,1
INS,HNF4A,1
CYP26B1,CYP26A1,1
WNT3A,FGF8,1
LGALS4,ELAVL3,1
CNTFR,PRL,1
SST,VIP,1
LGALS4,ELAVL4,1
KRT1,KRT2,1
MMP20,AMELX,1
SST,TRH,1
SLC2A2,GCG,1
PHOX2B,ASCL1,1
KRT2,KRT77,1
SST,PRL,1
INS,CACNA1G,1
SPINK5,FLG,1
F2RL2,PRSS1,1
F2RL2,PRSS3,1
KRT1,FLG,1
LCT,SI,1
NEUROD2,CPLX2,1
NEUROD1,INSM1,1
USH1C,ANKS4B,1
KRT10,PRSS1,1
CHGA,SST,1
CRP,MMP9,1
HAP1,GABRQ,1
CNTFR,IFNK,1
MC4R,ATRNL1,1
SLC17A6,SLC17A8,1
SLC17A7,SLC17A8,1
SLC17A7,SLC17A6,1
SNAP25,SYP,1
WNT8B,NOTUM,1
IL13RA2,PRL,1
SP7,SPP1,1
TAGLN3,FABP7,1
ATOH1,MUC5AC,1
NEUROG3,NKX2-2,1
CNTFR,IFNW1,1
GABRA4,HAP1,1
HAP1,GABRA5,1
EMILIN3,KLRC1,1
IL13RA2,IFNW1,1
HAP1,GABRA2,1
IL13RA2,IFNK,1
TTR,INS,1
PIWIL1,TDRD1,1
NEUROG3,INS,1
VPREB3,CD19,1
TCF23,NTSR1,1
PCK1,GCG,1
SLC6A2,SCRT1,1
KRT1,PRSS1,1
ISL1,NKX2-2,1
KRT10,FLG,1
REG1A,REG1B,1
LHX3,ESX1,1
CPB1,PRSS3,1
ZIC3,TDGF1,1
INS,MMP9,1
DLX2,FGF8,1
WNT3A,NOG,1
INS,HNF1A,1
UCHL1,KRT4,1
PRSS1,KRT2,1
TSHR,PAX8,1
APOA2,TF,1
FGF8,SOX2,1
GPC3,AFP,1
CPA1,CELA3A,1
PRL,CALCA,1
CLDN19,CLCNKB,1
ADCY8,GRIN2A,1
ISL1,NKX6-1,1
SLC1A2,AQP4,1
FABP1,FABP3,1
ITIH2,APOA2,1
CYP26B1,STRA8,1
WFIKKN2,NTSR1,1
MT3,KRT4,1
KRT9,KRT2,1
CHRND,CHRNA1,1
LCN1,WNT8B,1
SCGB1A1,CHRM1,1
HCN1,GNAT3,1
SCN1A,ATP1A2,1
GCM1,ERVW-1,1
CYP26A1,STRA8,1
WNT3A,MSX1,1
NTS,TCF23,1
TTR,SERPINA7,1
INS,GAL,1
NCAM1,KLRC1,1
CMA1,KRT10,1
SOST,SP7,1
ISL1,LHX3,1
NEUROD1,SOX2,1
LGALS4,NOTUM,1
INS,HMX1,1
FGF8,PAX2,1
SST,CALCA,1
PCSK1,CTSE,1
PCSK2,CTSE,1
CHRND,CHRNA9,1
SELL,CD19,1
KCNH2,KCNA4,1
PCSK2,GCG,1
SLC17A7,SYP,1
TRPA1,TRPM3,1
INS,NKX2-2,1
BSND,SLC12A3,1
ISL1,INS,1
NEUROD1,NKX6-1,1
DLK1,RTL1,1
PPY,GIP,1
KLK3,PAGE1,1
PAEP,GDF5,1
CD22,GAL,1
ATOH1,MUC6,1
LCN1,PAEP,1
REG1A,PRSS1,1
NOG,FGF9,1
USH1C,OTOG,1
AFP,TF,1
HNF1A,LCT,1
ISL1,NEUROD1,1
MS4A1,CD19,1
ASCL1,PHOX2A,1
LCN1,RBP4,1
MMP13,COL2A1,1
CHRND,CHRNA6,1
ISL1,FGF8,1
NTS,AFP,1
SNAP25,SYT4,1
ATP12A,ATP1A2,1
USH2A,PCDH15,1
LHX2,MSX1,1
ATOH1,POU4F1,1
HP,GC,1
CRP,TF,1
SNAP25,TRIM9,1
NEUROG3,GCG,1
WNT3A,HNF4A,1
NKX6-1,SLC2A2,1
MYO15A,PCDH15,1
SYT4,PCSK2,1
CD22,CR2,1
KCNH2,KCNA1,1
FOXI1,PAX8,1
ISL1,NEUROG3,1
SCN1A,CACNA1B,1
MYOD1,MSX1,1
SYP,NCAM1,1
INS,NR0B2,1
NEUROG3,SLC2A2,1
FGF10,WNT3A,1
INS,TRH,1
HTR1E,HTR3A,1
TPO,PAX8,1
KCNA4,KCNH6,1
NTSR1,NTRK1,1
INS,PCK1,1
GPHA2,GPR1,1
FGF23,ENPP1,1
ACE2,AGTR2,1
ALDH1A2,FGF8,1
MC4R,TRH,1
ABCG2,ABCA10,1
USH1C,MYO15A,1
ATOH1,SOX2,1
GAL,VIP,1
CHRNA1,AIRE,1
FOXI1,TPO,1
REG1A,REG3A,1
ASCL1,NEUROG1,1
UTS2R,FOXB1,1
NEUROG1,SOX2,1
MT3,INS,1
INS,IRS4,1
PON1,APOA2,1
NCAM1,NOG,1
SYP,GRIA1,1
MMP13,SP7,1
ASCL1,DCX,1
PCSK1,O3FAR1,1
PHOX2B,NEUROD4,1
SAGE1,GAGE1,1
GCKR,FGF19,1
MYOD1,WNT3A,1
SERPINA4,DSG4,1
GLRA2,GABRQ,1
PRSS1,MUC5AC,1
ITIH2,AFP,1
MYOD1,FGF8,1
CFTR,CLCNKB,1
CACNA1G,CACNA1B,1
SOX2,ESRRB,1
MEP1A,NTS,1
KERA,SP7,1
SST,GIP,1
PRSS1,MUC6,1
VPREB3,CD79B,1
FGF8,LHX2,1
ATP2B2,PCDH15,1
PRSS3,MUC5AC,1
LEFTY1,ZIC3,1
MMP9,SPP1,1
NEUROG1,POU4F1,1
UCHL1,NCAM1,1
CPA1,SCUBE3,1
PRSS3,MUC6,1
INS,SLC27A6,1
GSX2,SP8,1
SERPINA4,CADPS,1
EMR3,MUC5AC,1
FGF8,FLG,1
ISL1,FGF10,1
TTR,CRP,1
NEUROG3,INSM1,1
TTR,HP,1
CFTR,INS,1
PRL,GCG,1
PPY,VIP,1
SOST,NOG,1
KRT9,KRT1,1
PPY,NEUROG3,1
CHGA,CALCA,1
CHGA,PPY,1
CHGA,GCG,1
CRP,F7,1
SLC2A2,HMX1,1
PHOX2B,NEUROG1,1
SOX2,PAX2,1
PRSS1,CTRB1,1
SELL,CRP,1
GAL,QRFPR,1
TRH,SERPINA7,1
PRSS1,PNLIP,1
CARTPT,MC4R,1
FGF19,ALK,1
TRH,VIP,1
INS,CALCA,1
CRP,NPPB,1
REG1A,PRSS3,1
SOX2,NR0B1,1
CALCA,SPP1,1
MYBPH,OCA2,1
INS,MC4R,1
ASCL1,SCRT1,1
NEUROG3,UTS2R,1
SLC17A7,GAD2,1
FGF8,WNT8B,1
FGF19,FGF8,1
GAD2,SLC17A6,1
DNAJC5G,C8orf74,1
PIWIL1,MAEL,1
ISL1,NEUROG1,1
NEUROD1,GCG,1
FGF8,NOG,1
NTS,GAL,1
GDF5,FGF9,1
PRSS3,CTRB1,1
O3FAR1,GNAT3,1
DNAH9,KIF25,1
SCGB1A1,PRL,1
ODF1,SMCP,1
TRPA1,TRPM1,1
CHI3L1,MMP9,1
DAZ1,TSPY10,1
DAZ1,TSPY1,1
SYP,SST,1
BLK,CD19,1
WNT3A,FGF9,1
SST,SLC2A2,1
SPINK5,KLK7,1
PON1,TCF23,1
FGF23,SOST,1
LHCGR,PRL,1
OCSTAMP,DCSTAMP,1
NEUROD1,SLC2A2,1
NEUROG3,HMX1,1
SELL,NCAM1,1
INS,ACE2,1
NEUROG3,SST,1
LCE1A,LCE2B,1
NTS,VIP,1
FGF10,SOX2,1
SNAP25,STXBP5L,1
HMX1,GCG,1
PPY,NTS,1
GAL,TRH,1
INS,VIP,1
CD22,NR0B2,1
CTSE,NTSR1,1
POU4F3,ATOH1,1
SOX2,DCX,1
PCSK2,SSTR5,1
NOG,PAX1,1
CPB1,CELA3A,1
INS,PAEP,1
KLK8,KLK7,1
PPY,NKX6-1,1
KRT33B,KRT1,1
CST4,LCN1,1
LIN28A,DPPA3,1
DEFB4A,DEFA5,1
FGF18,NOG,1
ATOH1,FGF8,1
CST4,HTN1,1
CFTR,BEST3,1
CPB1,PNLIP,1
DAO,AIFM3,1
REG3A,DEFA5,1
FABP2,HNF4A,1
PHOX2A,DBH,1
RBP2,HNF4A,1
INS,WNT3A,1
CACNA1G,CACNA1E,1
SLURP1,INSM1,1
DLX2,ASCL1,1
SOX2,HMGA2,1
INS,NTS,1
FABP2,APOA4,1
CTRB2,PRSS1,1
FGF9,MSX1,1
CACNA1E,CALN1,1
CACNA1E,CALML5,1
TF,GC,1
DLL3,NEURL,1
KLK3,SEMG1,1
SPATA21,CACNA1E,1
MYH7B,MYLPF,1
ASB4,IRS4,1
HSPB3,MMP9,1
APOBEC1,INS,1
DLX2,NOG,1
CMA1,SERPINA10,1
ISL1,POU4F1,1
GLRA2,GABRA2,1
GLRA2,GABRA4,1
FBN3,CCL25,1
CDH17,HNF4A,1
NTS,NTRK1,1
CELA3A,CTRB1,1
GABRB2,BEST3,1
CDH9,TAS2R1,1
GLRA2,GABRA5,1
CPA1,CTRB1,1
TFF3,MUC5AC,1
CDH10,TAS2R1,1
LBP,CRP,1
APOBEC1,DEFA5,1
ATP1A2,CACNA1E,1
NEUROD4,LHX3,1
SCTR,AQP4,1
PAEP,NOG,1
POU4F3,LHX3,1
ASCL1,INSM1,1
FOXI1,SLC26A3,1
NEURL,NOTUM,1
ASCL1,ATOH1,1
GABRA1,GLRA2,1
MYOD1,INS,1
INS,FGF19,1
PROX1,ATOH1,1
HEPACAM,LDLRAD1,1
INSRR,IRS4,1
HES6,ATOH1,1
GAD2,GCG,1
SLC18A3,NTRK1,1
CFTR,ATP12A,1
SOX2,NOG,1
SNAP25,KCNA1,1
ABCG2,PRL,1
APCS,HP,1
DNAH9,KIF19,1
NKX2-2,GCG,1
INS,ELAVL4,1
SLC10A1,NR0B2,1
PPY,SLC2A2,1
CHGA,INS,1
NOG,MSX1,1
CFTR,SLC26A3,1
SLC26A3,SLC13A2,1
CACNA1B,KCNA1,1
MC4R,PCSK1,1
NR0B2,NR5A1,1
ASCL1,SOX2,1
LEFTY1,FGF8,1
CTRB2,PRSS3,1
INS,NKX6-1,1
PIWIL1,PIWIL2,1
NEUROG1,CACNA1G,1
SLC2A2,GIP,1
KRTAP11-1,KRTAP19-1,1
CHGA,NCAM1,1
TRPA1,P2RX3,1
SPINT3,WFDC6,1
MYOD1,LGALS4,1
NEURL,EYS,1
KCNA4,CACNA1G,1
DLX2,LHX8,1
INS,RBP4,1
CASP14,FLG,1
TCF23,CTSE,1
FCER2,CR2,1
ATP2B3,CACNA1B,1
CPB1,CTRB1,1
PIP,EDN3,1
CFTR,PRSS1,1
WNT3A,ATOH1,1
NTS,CTSE,1
USH2A,EYS,1
HNF4A,SERPINA6,1
CFTR,MUC5AC,1
INS,INSM1,1
CD22,MS4A1,1
EPHA5,PPM1E,1
GIP,O3FAR1,1
WNT3A,DLK1,1
CRNN,KRT4,1
LHCGR,NR5A1,1
SLC17A7,GRIA1,1
ASCL1,NKX2-2,1
FGF8,PAX1,1
DLK1,AFP,1
POU4F1,NTRK1,1
SLC17A7,SLC1A2,1
FGF10,SP8,1
DIO1,PAX8,1
ISL1,VSX2,1
BEST3,CLCNKB,1
ZIC3,NOG,1
ISLR2,GNAT3,1
LINGO2,GNAT3,1
INS,FGF8,1
SLC2A2,NKX2-2,1
CDX1,SOX2,1
CYP4F2,F7,1
CHRNA4,SLC18A3,1
MMP13,GDF5,1
GABRA4,GABRA2,1
GRM3,CAMK2B,1
MYBPH,MYH7B,1
PPM1E,INSRR,1
TUBB2B,DNAH9,1
BMX,PPM1E,1
BLK,PPM1E,1
ODF1,SPATA3,1
ERN2,PPM1E,1
ABCG2,SPP1,1
MYOD1,MYH7B,1
EPHA8,PPM1E,1
LRRC10,GNAT3,1
OPTC,GNAT3,1
CDX1,WNT3A,1
LRRC38,GNAT3,1
LRRC53,GNAT3,1
LRRC19,GNAT3,1
LRRTM1,GNAT3,1
KERA,GNAT3,1
RXFP2,GNAT3,1
CRP,HNF1A,1
CTRB1,PNLIP,1
TDGF1,NEURL,1
DLK1,NEURL,1
SCUBE3,NEURL,1
GABRA1,GABRA4,1
PAEP,SIGLEC6,1
PHOX2B,ALK,1
SOX2,DPPA3,1
STXBP5L,CPLX2,1
GABRA4,GABRA5,1
SLC1A2,GRIN2A,1
ACTL6B,MYH7B,1
GLRA2,BEST3,1
GLRA2,GABRB2,1
LIN28A,AFP,1
SYP,GRIN2A,1
HNF4A,GCG,1
SCN1A,SPATA21,1
SCN1A,CALML5,1
SCN1A,CALN1,1
GABRA5,CLCNKB,1
LCE1A,LCE1E,1
INS,FGF9,1
NEUROD4,VSX2,1
CFTR,GABRA1,1
ISL1,PAX2,1
NEUROD1,HMX1,1
ATP2B2,CACNA1B,1
PON1,BAAT,1
SST,NEUROD1,1
DSC1,KLK7,1
TUBB2B,CALN1,1
TUBB2B,SPATA21,1
TUBB2B,CALML5,1
GABRA2,CLCNKB,1
GABRA1,CLCNKB,1
GABRA4,CLCNKB,1
INS,SPP1,1
BEST3,GABRQ,1
CACNA1G,KCNA1,1
GABRQ,CLCNKB,1
GABRB2,CLCNKB,1
NEUROD4,PROX1,1
NKX2-2,POU4F1,1
INS,TPO,1
CACNA1G,KCNC2,1
NCAM1,DCX,1
LCE1A,LCE2A,1
CPA1,PRSS1,1
SPATA21,CAMK2B,1
CALN1,CAMK2B,1
CFTR,GABRB2,1
PCSK1,ENPP1,1
SYP,COL25A1,1
BARHL1,ATOH1,1
GABRA4,BEST3,1
INS,HSPB3,1
CFTR,GABRQ,1
SERPINA7,DIO1,1
BEST3,GABRA2,1
GLRA2,CLCNKB,1
CFTR,GLRA2,1
CFTR,GABRA4,1
CFTR,GABRA5,1
CFTR,GABRA2,1
BEST3,GABRA5,1
GABRA1,BEST3,1
MMP13,SPP1,1
NEUROD1,DCX,1
CRP,GCG,1
GAD2,SST,1
ATP2B2,ATP1A2,1
SLC32A1,GLRA2,1
INS,CTSE,1
ISL1,SOX2,1
SYP,NTRK2,1
APOBEC1,NTS,1
NR0B2,HNF4A,1
PRL,TF,1
CRP,RBP4,1
CD70,CD19,1
SLC27A6,FABP3,1
CDX1,FGF9,1
SPATA21,SPTA1,1
LIN28A,LHX8,1
SPTA1,CALN1,1
SPTA1,CALML5,1
SST,NKX6-1,1
HNF1A,NEUROD1,1
NEUROG1,ELAVL3,1
ALDH1A2,AKR1C4,1
MYH7B,NPPB,1
NTS,APOA2,1
NTS,HMGA2,1
SLC10A1,PRL,1
ALDH1A2,AKR1B15,1
ISL1,NEUROD4,1
MYOD1,SP7,1
SYP,SLC18A3,1
ASCL1,POU4F1,1
NEUROD1,HNF4A,1
GABRA5,OCA2,1
RBP4,TF,1
INS,F7,1
CARTPT,TRH,1
NTRK2,NTSR1,1
VSX2,POU4F1,1
TSHR,TRH,1
SLC1A2,GRM3,1
INS,SYP,1
SERPINA7,GC,1
CYP26A1,RBP2,1
INS,CARTPT,1
USH1C,ATP2B2,1
PHOX2A,EDN3,1
FGF8,PAX8,1
DCX,DCDC5,1
HAO2,PKLR,1
TRH,DIO1,1
POU4F1,MUC6,1
PON1,NTS,1
IBSP,AMBN,1
ACTL6B,SYCP1,1
ATP2B2,CALN1,1
TTR,NTS,1
CDH17,PAX8,1
GAL,PRL,1
UCHL1,SNCB,1
AMELX,TSPY10,1
LEFTY1,SOX2,1
FOXI1,SOSTDC1,1
GUCA1A,CACNA1E,1
ASCL1,PRDM13,1
PRL,KCNH6,1
FBN3,KLK3,1
APOBEC1,NTSR1,1
BMPER,PAX1,1
NR0B2,STRA8,1
IBSP,LHX8,1
MT3,TF,1
NTRK2,KCNJ9,1
RBP4,GC,1
HNF4A,SLC2A2,1
APCS,OCA2,1
NPPB,IL31RA,1
SLC17A6,SYP,1
CFTR,ABCG2,1
CFTR,AQP5,1
TTR,GC,1
WNT3A,LHX2,1
PPY,NEUROD1,1
KCNJ16,AQP4,1
LBP,HP,1
MYLPF,CACNA1E,1
UTS2,SST,1
CD79B,VPREB1,1
ALDH1A2,AGXT,1
SLC6A2,DBH,1
CACNA1B,KCNC2,1
DLK1,MMP9,1
NTS,SPTA1,1
ALDH1A2,HAO2,1
MT3,TTR,1
SERPINA7,HP,1
GUCA1A,CAMK2B,1
MMP9,NTRK1,1
SLC1A2,GRIA1,1
TCL1A,CD19,1
ELAVL4,NOTUM,1
STRA8,SOHLH1,1
DLX2,NTRK2,1
INS,KERA,1
CACNA1B,KCNK16,1
CMA1,AGTR2,1
PPY,NKX2-2,1
ASCL1,GSX2,1
SCGB1A1,SFTPD,1
ISL1,SST,1
BMPER,GDF5,1
TNN,NEURL,1
AMELX,TSPY1,1
CST4,CST5,1
GRIN2A,GRM4,1
ITIH2,TF,1
BAAT,TCF23,1
CDH17,MMP9,1
INS,FGF12,1
MARCO,FEZF1,1
CPA1,PRSS3,1
DPPA3,DPPA5,1
PON1,NTSR1,1
WNT3A,SOX2,1
ELAVL3,NOTUM,1
ISL1,SLC2A2,1
LCE2A,LCE2B,1
SST,NKX2-2,1
CST1,CST5,1
SLC32A1,SYP,1
NEUROD4,ASCL1,1
APOBEC1,TCF23,1
KLK3,AFP,1
PRL,SERPINA6,1
ISL1,ASCL1,1
INS,AGTR2,1
PPY,CALCA,1
ISL1,GCG,1
SYP,CALCA,1
ISL1,WNT3A,1
NCAM1,NEURL,1
COL2A1,FEZF1,1
TRIM67,PADI4,1
CFTR,CRP,1
TRIM9,PADI4,1
TTR,GCG,1
PHOX2B,ISL1,1
ATP12A,SST,1
GAL,CARTPT,1
MYOD1,NEUROD1,1
ATP12A,INS,1
PHOX2B,DBH,1
CHGA,ATP12A,1
PAGE5,SAGE1,1
ATP2B3,SPATA21,1
ABCG2,SOX2,1
ATP2B2,CALML5,1
GAL,GCG,1
NEURL,AQP4,1
ATP2B2,SPATA21,1
CNTN6,PTPRD,1
ATP2B3,CALML5,1
CHGA,KLK3,1
TPO,SERPINA7,1
ATP2B3,CALN1,1
INS,OCA2,1
ALDH1A2,AIFM3,1
SLC17A7,GRIN2A,1
TRH,CALCA,1
MYOD1,FGF18,1
TUBB2B,KIF19,1
INS,CITED1,1
NTRK2,GRIA1,1
AQP5,NEURL,1
INS,C10orf90,1
ERN2,HSPA6,1
SI,FABP2,1
ANGPTL5,NEURL,1
SERPINA7,TF,1
SST,TF,1
ASZ1,C7orf10,1
POU4F3,BARHL1,1
CRABP1,CACNA1G,1
KRT1,MEGF10,1
KRT84,MEGF10,1
ISL1,HOXC12,1
KRT82,MEGF10,1
PCSK1,HSPA6,1
SLC17A6,DDC,1
KRT75,MEGF10,1
PCSK2,HSPA6,1
SYP,UCHL1,1
PRL,PCK1,1
INS,LGALS4,1
LIN28A,HMGA2,1
INS,FGF10,1
ALPPL2,CTSE,1
PCSK2,SST,1
SLC6A2,HP,1
DSC1,FLG,1
NEUROG3,FOXB1,1
SST,SPTA1,1
HP,APOA2,1
ACTL6B,FGF8,1
PCSK2,SSTR1,1
FGF10,MSX1,1
CHGA,VIP,1
CMA1,ACE2,1
NOG,VWC2,1
LCT,NTSR1,1
PROX1,HNF4A,1
GCKR,SLC2A2,1
SOX2,NR5A1,1
PEG3,DLK1,1
LHX8,MSX1,1
TRH,TPO,1
TTR,NTSR1,1
KHDRBS2,ELAVL4,1
CNTN2,PTPRD,1
FABP1,HNF4A,1
ABCG2,INS,1
MT3,CRP,1
INS,SOX2,1
VPREB1,CD19,1
GCG,PAX2,1
FGF9,SPP1,1
NEUROG1,FGF8,1
FABP1,APOA4,1
SLC10A1,HNF1A,1
SCN1A,KCNA1,1
INS,KLK3,1
CYP2A13,AIFM3,1
CYP2W1,AIFM3,1
SLURP1,KRT9,1
CYP26B1,AIFM3,1
KLK3,NUDT11,1
SMCP,SPATA3,1
INS,PNLIP,1
CYP26A1,AIFM3,1
CYP4F2,AIFM3,1
CYP2F1,AIFM3,1
ATP2B3,ATP1A2,1
CPA1,CTRB2,1
MUC17,DEFA5,1
PON1,CRP,1
BAAT,HAO2,1
CDH10,ATP1A2,1
KHDRBS2,ELAVL3,1
ASCL1,SLC17A8,1
TUBB2B,KIF25,1
NEUROG1,NKX2-2,1
ATP1A2,TAS2R1,1
CDH9,ATP1A2,1
BLK,NKX6-1,1
TTR,APOA2,1
KCNH2,CAMK2B,1
CACNA1B,CALML5,1
CEACAM7,CYP2A13,1
CELA3A,PRSS3,1
LIN28A,TDGF1,1
SLC38A8,SLC36A2,1
GAD2,GRIA1,1
FLG,FLG2,1
SPATA21,CACNA1B,1
CACNA1B,CALN1,1
CAMK2B,KCNH6,1
TRIM67,DCC,1
DCX,FABP7,1
PCSK2,OCA2,1
PON1,SERPINB7,1
MYO15A,USH2A,1
APCS,SERPINA10,1
AMBN,C4orf26,1
SST,HTR3A,1
CDH17,INS,1
CNTN1,PTPRD,1
SPATA21,PNCK,1
SELL,PAEP,1
CST4,CST1,1
ATOH1,PAX2,1
CALN1,PNCK,1
CALML5,PNCK,1
INS,HP,1
EDN3,GPR1,1
DLX2,LHX2,1
NTRK2,HAP1,1
GIP,GNAT3,1
CELA3A,PRSS1,1
WNT8B,LHX2,1
HNF1A,GCG,1
INS,LHCGR,1
KLRC1,CD19,1
FRMD1,KIF25,1
INS,TSHR,1
LHCGR,NR0B1,1
GLRA2,SCUBE3,1
MMP20,C4orf26,1
NTS,LCT,1
GGTLC1,AQPEP,1
FGF10,NOG,1
TCF23,HMGA2,1
PPY,SYP,1
LCE1E,LCE2A,1
DLX2,MSX1,1
SLC17A6,GRIA1,1
NTS,MMP9,1
HMX1,PAX2,1
CRP,CITED1,1
MYH7B,SPATA21,1
MYH7B,CALML5,1
GAD2,SLC17A8,1
MYH7B,CALN1,1
CELA3A,PNLIP,1
HNF4A,SOX2,1
SLC17A7,SNCB,1
HTN1,CST1,1
PCSK2,ALPPL2,1
ALPPL2,PCSK1,1
GRIA1,GRM3,1
TRIM9,DCC,1
NHLH1,LMO1,1
MARCO,SPTA1,1
NCAM1,ALK,1
ATP12A,PCSK1,1
ATP12A,PCSK2,1
ISL1,MSX1,1
PRDM9,SYCP1,1
NEUROG1,PAX2,1
CRP,CALCA,1
ABCG2,ENPP1,1
GPC3,NOTUM,1
TTR,AFP,1
KCNA4,CACNA1B,1
CDX1,MYOD1,1
GAD2,GABRB2,1
INS,PRSS3,1
SERPINA10,F7,1
PCSK1,ATP1A2,1
KRT1,DSC1,1
SLC32A1,GABRB2,1
PCSK2,ATP1A2,1
ALDH1A2,SLC5A8,1
INS,ALPPL2,1
ISL1,POU4F3,1
NTRK2,GRIN2A,1
SDR9C7,LRAT,1
SI,MYO1A,1
MYO1A,CALML5,1
MYO1A,SPATA21,1
MYO1A,CALN1,1
VSX2,PAX2,1
SLURP1,LY6H,1
SLC6A2,SLC1A2,1
GAD2,SYP,1
MYO15A,KRT1,1
MYO15A,KRT82,1
ACTL6B,MYOD1,1
CHRND,AIRE,1
MC4R,OCA2,1
SST,TSHR,1
GAD2,GRIN2A,1
MYOD1,ASCL1,1
FABP2,DLK1,1
MYO15A,KRT84,1
MYO15A,KRT75,1
MYO15A,MEGF10,1
NCAM1,SOX2,1
FLG,KLK7,1
CRP,APCS,1
VSX2,NEUROD1,1
SLC17A6,SLC1A2,1
GSX2,LHX2,1
GRIA1,SPTA1,1
LHX8,GSX2,1
CFTR,AQP4,1
MSX1,PAX1,1
SLC17A6,CHRNA4,1
BARHL1,LHX2,1
NHLH1,NEUROG1,1
NEUROD1,POU4F1,1
CPA1,PNLIP,1
CMA1,EDN3,1
FGF23,ACE2,1
SOX2,MSX1,1
SCGB1A1,SFTPA1,1
SNAP25,GNAT3,1
SMCP,TMEM247,1
FGF8,HOXD12,1
LYPD4,LY6H,1
INS,ISX,1
APOA4,GC,1
PIWIL1,LIN28A,1
SLC5A11,SLC2A2,1
GABRA1,SCN1A,1
ALDH1A2,ACMSD,1
DAO,CHI3L1,1
HP,AFP,1
PAGE2B,MAGEB10,1
SCN1A,CACNA1G,1
CD22,HP,1
KRTAP11-1,KRTAP3-3,1
PRSS3,PNLIP,1
SELL,KLRC1,1
PHOX2B,SLC17A6,1
WNT3A,SP7,1
PRSS3,MMP9,1
KHDRBS2,DAZ1,1
HNF4A,PCK1,1
SERPINA7,AFP,1
SLC2A2,PKLR,1
GAD2,TPO,1
CDX1,SI,1
STRA8,SYCP1,1
CST4,PIP,1
PRL,NR5A1,1
ASCL1,NEUROD2,1
SOX2,NKX2-2,1
FGF8,NKX2-2,1
CTCFL,NTS,1
PKLR,AIFM3,1
IBSP,MMP13,1
LHX3,NKX2-2,1
ASIC2,TRPA1,1
HEPACAM,MLC1,1
POU4F3,NEUROG1,1
PKLR,APOA2,1
MYOD1,NOG,1
TSHR,DIO1,1
BAAT,NTSR1,1
ALDH1A2,CRABP1,1
GPR6,GPR1,1
PCSK2,SLC2A2,1
HES6,HNF4A,1
SCGB1A1,AQP5,1
HP,RBP4,1
CRABP1,NEUROG1,1
CPA1,CPB1,1
LHX8,FGF8,1
SYP,GCG,1
KERA,FAM19A4,1
ATOH1,LHX2,1
MYOD1,NEUROG1,1
INS,SERPINA6,1
SLC1A2,SLC6A17,1
SSTR5,PRL,1
NTS,PRL,1
MMP9,TF,1
CRABP1,LRAT,1
SLC2A2,GNAT3,1
SST,HMX1,1
PRL,LHX3,1
NTRK2,DPYSL5,1
SNAP25,SNCB,1
ASCL1,SP9,1
SPINK9,KLK7,1
TSHR,FOXI1,1
LEFTY1,NOG,1
CD22,SELL,1
VSX2,KRT86,1
ALK,CD19,1
CHGA,NEUROG3,1
INS,FABP2,1
GUCA1A,MYO15A,1
NEUROG1,LHX2,1
ACE2,NTS,1
NEUROG1,MUC6,1
GPR6,UTS2R,1
LGALS4,PSG5,1
TTR,AGXT,1
NTRK2,DCX,1
ZIC3,SERPINA7,1
NXPE1,NXPE4,1
HNF1A,FABP1,1
HP,SPTA1,1
PPY,HMX1,1
WNT3A,PAX2,1
HP,APOA4,1
PPY,ISL1,1
CHGA,DBH,1
CELA3A,CTRB2,1
SPINK5,SPINK9,1
SERPINA4,TF,1
TCHH,NTSR1,1
NTS,GIP,1
GZMA,KLRC1,1
MT3,CITED1,1
MARCO,SLC26A3,1
GZMA,NCAM1,1
MT3,ERVW-1,1
GZMA,HSPB3,1
TCF23,ROS1,1
HMHB1,TMEM247,1
FGF23,SPP1,1
TTR,TCF23,1
TF,GCG,1
CRP,PRL,1
SELL,GZMA,1
KRTAP19-5,KRTAP19-1,1
INS,NTSR1,1
PIP,CST1,1
GPR83,INS,1
CARTPT,CD19,1
NTS,ROS1,1
IBSP,AMELX,1
CFTR,KRT10,1
SELL,INS,1
SOX2,FABP7,1
LYPD4,TRIM67,1
INS,HMGA2,1
INS,NTRK2,1
FGF23,GC,1
STRA8,DPPA3,1
KRTAP19-1,KRTAP13-2,1
SOX2,DPPA5,1
PON1,INS,1
LGALS4,PYDC1,1
C10orf90,PNLIP,1
PPY,TRH,1
GIP,HMX1,1
SI,BRS3,1
LCT,TCF23,1
GAL,MC4R,1
INS,LCT,1
INS,AFP,1
GAL,CALCA,1
ROS1,NTSR1,1
CARTPT,GCG,1
NTS,CALCA,1
C2orf72,SPATA3,1
CRP,SPP1,1
SLC10A1,ABCG2,1
INS,FABP3,1
PIWIL1,DNMT3L,1
INS,O3FAR1,1
ATP12A,CRP,1
KRTAP19-5,KRTAP13-2,1
LCT,AIRE,1
HTR3A,VIP,1
NTSR1,HMGA2,1
INS,CD19,1
INS,NCAM1,1
INS,APOA2,1
NTS,BAAT,1
NTS,TCHH,1
CDH16,PAX2,1
KRTDAP,PNLIPRP3,1
INS,NR5A1,1
KRTAP17-1,KRTAP19-1,1
INS,DLK1,1
NEUROG3,HNF4A,1
CHGA,PRL,1
CRP,KLK3,1
KRTAP17-1,KRTAP4-9,1
GAL,DBH,1
ISL1,HOXC5,1
INS,NTRK1,1
TRPM1,GNAT3,1
SOX2,CACNA1B,1
INS,GCKR,1
SOX2,LHX2,1
FABP1,AFP,1
CHGA,SSTR5,1
ISL1,DLX2,1
CHGA,PCSK2,1
CTCFL,AFP,1
SLC17A7,DDC,1
ATP2B3,ZIC3,1
MYOD1,NCAM1,1
GDF5,COL2A1,1
EFHD1,HNF4A,1
MS4A1,CR2,1
POU4F3,NEUROD1,1
HNF1A,PROX1,1
SELL,CD70,1
MS4A1,CD79B,1
CRP,CHI3L1,1
DSC1,KRT74,1
AIRE,FABP1,1
KRTAP17-1,KRTAP19-5,1
SLC17A7,CHRNA4,1
DSC1,SPINK5,1
ATP6V1B1,FOXI1,1
CTCFL,SPTA1,1
CYP26A1,HNF4A,1
NKX6-1,LHX3,1
MYO15A,MYH7B,1
SMCP,C20orf141,1
NTRK2,WNT3A,1
C7orf10,SLC2A2,1
GRIA1,GRM4,1
INS,FGF18,1
SNAP25,CACNA1B,1
TPO,DIO1,1
LGALS4,HNF4A,1
ISL1,NOG,1
FLG,PADI4,1
NOG,DRGX,1
SLC6A2,DDC,1
ISL1,ATOH1,1
VPREB3,TCL1A,1
NCAM1,CR2,1
SLC32A1,GRIA1,1
CDH17,NCAM1,1
MYH7B,SPTA1,1
FABP2,CCL25,1
LUZP4,PAGE1,1
DLX2,WNT8B,1
MS4A1,TCL1A,1
CRP,GC,1
UTS2R,SYNGR4,1
NEUROG3,HNF1A,1
SCGB1A1,SFTPA2,1
CASP14,KRT1,1
VPREB3,VPREB1,1
CYP26A1,EPHA5,1
TTR,HNF1A,1
PHOX2B,SLC18A3,1
KRTAP2-1,KRTAP3-2,1
SYP,SLC1A2,1
SI,SLC2A2,1
KCNH2,KCNC2,1
FGF8,ESX1,1
SCN1A,FGF12,1
CHGA,UCHL1,1
B4GALNT1,GALNT9,1
CFTR,SLC12A3,1
S100G,AFP,1
ASCL1,LHX2,1
FGF23,CALCA,1
AMBN,SPP1,1
TPO,GCNT3,1
FCER2,CD19,1
KRT84,KRT36,1
CD79B,TCL1A,1
LUZP4,GAGE1,1
TPO,SLC5A8,1
SSTR1,PRL,1
MYLPF,CAMK2B,1
IBSP,ALX4,1
PHOX2B,EDN3,1
SERPINA7,ITIH2,1
NTRK2,MC4R,1
INS,APOA4,1
APCS,SPTA1,1
SERPINA6,HP,1
ATOH1,APOA2,1
SST,UTS2R,1
ASCL1,EDN3,1
CHI3L1,NPSR1,1
VIL1,CHRND,1
EDN3,DBH,1
KCNH2,SCN1A,1
FGF23,INS,1
MYOD1,SOX2,1
PTPRD,SKOR1,1
HNF1A,RBP4,1
MYOD1,PAX1,1
GLRA2,GAD2,1
DLK1,APOA2,1
CYP26A1,PAX2,1
ATP12A,CALCA,1
LCE2B,FLG,1
FABP1,HMGA2,1
CRP,OCA2,1
MAGEB10,SPATA3,1
INS,ASB4,1
LHX3,NR5A1,1
SLURP1,KRT1,1
CNTN1,CNTN2,1
BLK,HNF4A,1
CDH17,WNT3A,1
CMA1,MMP9,1
CDX1,MAB21L1,1
KRTAP1-5,KRTAP2-3,1
CACNA1G,KCNK16,1
DLX2,GAD2,1
NTS,DSCAM,1
POU4F1,DRGX,1
STRA8,PIWIL2,1
NEUROG3,O3FAR1,1
SOX2,AFP,1
PTPRD,SLITRK2,1
NEUROD1,CPLX2,1
DSG4,KRT86,1
FGF8,ALX4,1
MYOD1,WNT8B,1
SPINK9,SPINK8,1
USH1C,MYO1A,1
LHX3,LHX2,1
GABRB2,GRIN2A,1
DLL3,HES6,1
APCS,GC,1
PPY,SPTA1,1
ATP1A2,KCNJ9,1
GABRB2,GRM3,1
SELL,MMP9,1
KRTAP4-9,KRTAP2-1,1
TRH,NEUROD2,1
PEG3,DLX3,1
USH2A,ESRRB,1
SLURP1,KRT10,1
UCHL1,VIP,1
ACTL6B,ALPPL2,1
STRA8,MSX1,1
USH1C,CDH17,1
TRH,CTRB1,1
KRT9,BLK,1
PROX1,VSX2,1
IBSP,SOST,1
ATP12A,TF,1
ISL1,GSX2,1
EPHA5,KRT28,1
PPY,PRL,1
CFTR,PRSS3,1
TCF23,TCHH,1
BPIFB2,BPIFB1,1
WIF1,HNF4A,1
TTR,APOA4,1
ALPPL2,SPATA21,1
ISL1,MYOD1,1
ALPPL2,CALML5,1
KRTAP4-8,KRTAP17-1,1
SPINK5,APOA2,1
SSTR5,GCG,1
STRA8,LHX8,1
ALPPL2,CALN1,1
ENPP1,ENTPD8,1
PROX1,NEUROD1,1
HNF1A,GAD2,1
MEP1A,MUC17,1
SLC17A6,GRIN2A,1
SP7,COL2A1,1
SLITRK2,NTRK1,1
INS,SERPINA4,1
ISL1,HMX1,1
PEG3,RTL1,1
SI,S100G,1
KRTAP11-1,KRTAP19-5,1
ABCG2,SLC47A1,1
PAEP,FGF9,1
INS,AIRE,1
GLRA2,FGF23,1
MYO15A,ARL14,1
NEUROG3,FGF10,1
KRT27,KRTAP2-3,1
VIL1,FABP1,1
CTSE,CAPN8,1
ASIC2,P2RX3,1
KRTAP17-1,KRTAP13-2,1
GUCA1A,CACNA1B,1
KRT27,INSRR,1
ODF1,C20orf141,1
SERPINA10,HP,1
MSX1,PAX2,1
APOBEC1,CTSE,1
SPP1,TF,1
DLX2,DCX,1
TCF23,TMEM63C,1
CRP,CD19,1
ASZ1,LYPD4,1
UTS2R,CACNA1E,1
SLC17A6,CHRNA6,1
SCTR,SST,1
HMCN1,SPOCK3,1
CHGA,NEUROD1,1
MARCO,ERVW-1,1
SOX2,ESX1,1
CR2,ALK,1
UCHL1,CD19,1
NLRP12,NTSR1,1
INSM1,NKX2-2,1
ISL1,PHOX2A,1
VIP,SLC18A3,1
TDRD1,DNMT3L,1
CFTR,KCNH2,1
CHGA,DDC,1
LY6G6C,LY6G6D,1
SELL,UCHL1,1
INS,THRSP,1
KRTAP4-8,KRTAP2-1,1
SERPINA10,KRT10,1
CFTR,DEFB4A,1
CFTR,VIP,1
INS,NPPB,1
FGF23,CRP,1
ASCL1,FGF8,1
GPR83,VIL1,1
VSX2,SOX2,1
CFTR,SFTPD,1
ACTL6B,FGF10,1
PRL,KLK3,1
P2RX3,HTR3A,1
SI,ISX,1
INS,EDN3,1
NEUROG3,SOX2,1
GRM4,GPC3,1
CFTR,FOXI1,1
APOA2,GC,1
NKX2-2,PAX2,1
MOGAT3,SLC27A6,1
MEP1A,MYO1A,1
NTRK2,POU4F1,1
CHGA,AFP,1
GPHA2,BRS3,1
POU4F1,MUC5AC,1
PCSK1,SLC2A2,1
AMBN,LGI2,1
TSPY2,DAZ1,1
CDH17,CDX1,1
TUBB2B,ARL14,1
C20orf141,SPATA3,1
SLC10A1,ATP12A,1
GPHA2,LHCGR,1
GCM1,ESX1,1
PROX1,SOX2,1
NEUROG1,GSX2,1
ISL1,LHX2,1
CYP26A1,SDR9C7,1
KRTAP4-9,KRTAP3-1,1
GRIA1,PTPRD,1
ALPPL2,AFP,1
ISL1,ELAVL3,1
CDH17,LGALS4,1
DLX2,NEUROG1,1
FZD9,FGF9,1
ASCL1,FABP7,1
DNMT3L,DPPA3,1
SI,DEFA5,1
SYP,DCX,1
TRH,HTN3,1
KRT74,DSG4,1
GRIN2A,CHRNA4,1
MT3,GCG,1
NTS,TMEM63C,1
CPA1,DSCAM,1
ATP12A,ATP2B2,1
